gsis_id,name,position,team,birthdate,age,draft_year,draft_round,draft_pick,draft_ovr,height,weight
00-0039150,Bryce Young,QB,CAR,2001-07-25,22.7,2023.0,1.0,1.0,1.0,70.0,204.0
00-0039152,Will Levis,QB,TEN,1999-06-27,24.8,2023.0,2.0,2.0,33.0,76.0,229.0
00-0039163,C.J. Stroud,QB,HOU,2001-10-03,22.5,2023.0,1.0,2.0,2.0,75.0,218.0
00-0039164,Anthony Richardson,QB,IND,2002-05-22,21.9,2023.0,1.0,4.0,4.0,76.0,244.0
00-0038598,Jaren Hall,QB,MIN,1998-03-24,26.0,2023.0,5.0,29.0,164.0,72.0,207.0
00-0038911,Malik Cunningham,QB,BAL,1998-10-06,25.5,2023.0,,,,73.0,198.0
00-0038583,Dorian Thompson-Robinson,QB,CLE,1999-11-14,24.4,2023.0,5.0,5.0,140.0,74.0,203.0
00-0038579,Aidan O'Connell,QB,LVR,1998-09-01,25.6,2023.0,4.0,33.0,135.0,75.0,210.0
00-0038582,Clayton Tune,QB,ARI,1999-03-23,25.0,2023.0,5.0,4.0,139.0,75.0,220.0
00-0038542,Bijan Robinson,RB,ATL,2002-01-30,22.2,2023.0,1.0,8.0,8.0,71.0,215.0
00-0039139,Jahmyr Gibbs,RB,DET,2002-03-20,22.0,2023.0,1.0,12.0,12.0,69.0,200.0
00-0039136,Zach Evans,RB,LAR,2001-05-30,22.8,2023.0,6.0,38.0,215.0,71.0,202.0
00-0038555,Tank Bigsby,RB,JAC,2001-08-30,22.6,2023.0,3.0,25.0,88.0,72.0,213.0
00-0039032,Tyjae Spears,RB,TEN,2001-06-15,22.8,2023.0,3.0,18.0,81.0,70.0,200.0
00-0038951,Sean Tucker,RB,TBB,2001-10-25,22.4,2023.0,,,,70.0,205.0
00-0039040,De'Von Achane,RB,MIA,2001-10-13,22.5,2023.0,3.0,21.0,84.0,69.0,188.0
00-0038389,Israel Abanikanda,RB,NYJ,2002-10-05,21.5,2023.0,5.0,8.0,143.0,71.0,215.0
00-0039165,Zach Charbonnet,RB,SEA,2001-01-08,23.2,2023.0,2.0,21.0,52.0,73.0,214.0
00-0038551,Kendre Miller,RB,NOS,2002-06-11,21.8,2023.0,3.0,8.0,71.0,72.0,220.0
00-0038396,Eric Gray,RB,NYG,1999-11-04,24.4,2023.0,5.0,37.0,172.0,70.0,211.0
00-0038611,Chris Rodriguez,RB,WAS,2000-09-26,23.5,2023.0,6.0,16.0,193.0,71.0,224.0
00-0039021,Roschon Johnson,RB,CHI,2001-01-31,23.2,2023.0,4.0,13.0,115.0,72.0,225.0
00-0038622,Deuce Vaughn,RB,DAL,2001-11-02,22.4,2023.0,6.0,35.0,212.0,66.0,176.0
00-0038454,Keaton Mitchell,RB,BAL,2002-01-17,22.2,2023.0,,,,68.0,191.0
00-0038397,Evan Hull,RB,IND,2000-10-26,23.4,2023.0,5.0,41.0,176.0,70.0,209.0
00-0038597,Chase Brown,RB,CIN,2000-03-21,24.0,2023.0,5.0,28.0,163.0,69.0,215.0
00-0038938,Jalin Hyatt,WR,NYG,2001-09-25,22.5,2023.0,3.0,10.0,73.0,72.0,185.0
00-0039146,Jayden Reed,WR,GBP,2000-04-28,23.9,2023.0,2.0,19.0,50.0,71.0,187.0
00-0038543,Jaxon Smith-Njigba,WR,SEA,2002-02-14,22.1,2023.0,1.0,20.0,20.0,72.0,197.0
00-0038994,Jordan Addison,WR,MIN,2002-01-27,22.2,2023.0,1.0,23.0,23.0,71.0,175.0
00-0038997,Josh Downs,WR,IND,2001-08-12,22.6,2023.0,3.0,16.0,79.0,69.0,171.0
00-0038544,Quentin Johnston,WR,LAC,2001-09-06,22.6,2023.0,1.0,21.0,21.0,76.0,215.0
00-0038976,Marvin Mims,WR,DEN,2002-03-19,22.0,2023.0,2.0,32.0,63.0,71.0,182.0
00-0039064,Zay Flowers,WR,BAL,2000-09-11,23.5,2023.0,1.0,22.0,22.0,69.0,182.0
00-0038979,Cedric Tillman,WR,CLE,2000-04-19,23.9,2023.0,3.0,11.0,74.0,75.0,215.0
00-0038606,Parker Washington,WR,JAC,2002-03-21,22.0,2023.0,6.0,8.0,185.0,70.0,212.0
00-0038608,Kayshon Boutte,WR,NEP,2002-05-07,21.9,2023.0,6.0,10.0,187.0,72.0,197.0
00-0039067,Rashee Rice,WR,KCC,2000-04-22,23.9,2023.0,2.0,24.0,55.0,74.0,203.0
00-0038393,Dontayvion Wicks,WR,GBP,2001-06-16,22.8,2023.0,5.0,24.0,159.0,73.0,206.0
00-0038612,A.T. Perry,WR,NOS,1999-10-26,24.4,2023.0,6.0,18.0,195.0,77.0,205.0
00-0039062,Jonathan Mingo,WR,CAR,2001-04-20,22.9,2023.0,2.0,8.0,39.0,74.0,220.0
00-0038821,Rakim Jarrett,WR,TBB,2001-01-24,23.2,2023.0,,,,72.0,192.0
00-0039052,Trey Palmer,WR,TBB,2001-04-02,23.0,2023.0,6.0,14.0,191.0,73.0,190.0
00-0038618,Xavier Hutchinson,WR,HOU,2000-06-01,23.8,2023.0,6.0,28.0,205.0,75.0,205.0
00-0038647,Ronnie Bell,WR,SFO,2000-01-28,24.2,2023.0,7.0,36.0,253.0,72.0,190.0
00-0038576,Charlie Jones,WR,CIN,1998-10-29,25.4,2023.0,4.0,29.0,131.0,72.0,188.0
00-0038977,Tank Dell,WR,HOU,1999-10-29,24.4,2023.0,3.0,6.0,69.0,70.0,165.0
00-0038941,Tyler Scott,WR,CHI,2001-10-12,22.5,2023.0,4.0,31.0,133.0,71.0,185.0
00-0038559,Michael Wilson,WR,ARI,2000-02-23,24.1,2023.0,3.0,31.0,94.0,74.0,213.0
00-0038619,Andrei Iosivas,WR,CIN,1999-10-15,24.5,2023.0,6.0,29.0,206.0,75.0,212.0
00-0039075,Puka Nacua,WR,LAR,2001-05-29,22.8,2023.0,5.0,42.0,177.0,74.0,205.0
00-0039066,Michael Mayer,TE,LVR,2001-07-06,22.7,2023.0,2.0,4.0,35.0,76.0,265.0
00-0038933,Dalton Kincaid,TE,BUF,1999-10-18,24.4,2023.0,1.0,25.0,25.0,76.0,240.0
00-0039065,Sam LaPorta,TE,DET,2001-01-12,23.2,2023.0,2.0,3.0,34.0,75.0,245.0
00-0039144,Luke Musgrave,TE,GBP,2000-09-02,23.6,2023.0,2.0,11.0,42.0,78.0,253.0
00-0038558,Darnell Washington,TE,PIT,2001-08-17,22.6,2023.0,3.0,30.0,93.0,79.0,264.0
00-0039050,Payne Durham,TE,TBB,2000-06-15,23.8,2023.0,5.0,36.0,171.0,77.0,255.0
00-0039074,Davis Allen,TE,LAR,2001-02-03,23.1,2023.0,5.0,40.0,175.0,78.0,245.0
00-0038394,Will Mallory,TE,IND,1999-06-22,24.8,2023.0,5.0,27.0,162.0,76.0,239.0
00-0038547,Luke Schoonmaker,TE,DAL,1998-09-28,25.5,2023.0,2.0,27.0,58.0,77.0,250.0
00-0038996,Tucker Kraft,TE,GBP,2000-11-03,23.4,2023.0,3.0,15.0,78.0,77.0,259.0
00-0038935,Brenton Strange,TE,JAC,2000-12-27,23.3,2023.0,2.0,30.0,61.0,75.0,247.0
00-0038563,Tre Tucker,WR,LVR,2001-03-08,23.1,2023.0,3.0,37.0,100.0,69.0,185.0
00-0038573,Derius Davis,WR,LAC,2000-09-11,23.5,2023.0,4.0,23.0,125.0,68.0,165.0
00-0038589,Josh Whyle,TE,TEN,1999-09-08,24.6,2023.0,5.0,12.0,147.0,79.0,248.0
00-0038391,Sean Clifford,QB,GBP,1998-07-14,25.7,2023.0,5.0,14.0,149.0,74.0,218.0
00-0039041,Elijah Higgins,TE,ARI,2000-10-27,23.4,2023.0,6.0,20.0,197.0,75.0,235.0
00-0038621,Demario Douglas,WR,NEP,2000-12-08,23.3,2023.0,6.0,33.0,210.0,68.0,192.0
00-0038627,Antoine Green,WR,DET,1999-11-15,24.4,2023.0,7.0,2.0,219.0,74.0,199.0
00-0038632,Colton Dowell,WR,TEN,1999-04-19,24.9,2023.0,7.0,11.0,228.0,75.0,212.0
00-0038640,Jalen Brooks,WR,DAL,2000-05-07,23.9,2023.0,7.0,27.0,244.0,74.0,205.0
00-0038416,Tyson Bagent,QB,CHI,2000-06-08,23.8,2023.0,,,,75.0,213.0
00-0038705,Emari Demercado,RB,ARI,1999-01-20,25.2,2023.0,,,,69.0,215.0
00-0038794,Jaleel McLaughlin,RB,DEN,2000-09-13,23.5,2023.0,,,,67.0,187.0
00-0038738,Hunter Luepke,RB,DAL,2000-02-28,24.1,2023.0,,,,73.0,238.0
00-0038752,Jake Bobo,WR,SEA,1998-08-04,25.7,2023.0,,,,76.0,207.0
00-0038862,Elijah Dotson,RB,LAC,1999-01-19,25.2,2023.0,,,,69.0,202.0
00-0038465,Malik Heath,WR,GBP,2000-03-03,24.1,2023.0,,,,74.0,213.0
00-0038496,Xavier Gipson,WR,NYJ,2001-03-08,23.1,2023.0,,,,69.0,189.0
00-0038492,Jason Brownlee,WR,NYJ,1999-01-30,25.2,2023.0,,,,74.0,198.0
00-0038678,Jordan Mims,RB,NOS,1999-05-16,24.9,2023.0,,,,70.0,206.0
00-0038720,Julian Hill,TE,MIA,2000-07-09,23.7,2023.0,,,,76.0,251.0
00-0038797,Emanuel Wilson,RB,GBP,1999-05-08,24.9,2023.0,,,,71.0,226.0
00-0038476,Tommy DeVito,QB,NYG,1998-08-07,25.6,2023.0,,,,74.0,210.0
00-0038667,Elijah Cooks,WR,JAC,1998-10-13,25.5,2023.0,,,,76.0,215.0
00-0038783,Nate Adkins,TE,DEN,1999-07-09,24.7,2023.0,,,,75.0,252.0
00-0038809,Ben Sims,TE,GBP,2000-05-16,23.9,2023.0,,,,77.0,250.0
00-0038891,Shedrick Jackson,WR,CIN,1999-10-20,24.4,2023.0,,,,73.0,195.0
00-0038102,Kenny Pickett,QB,PHI,1998-06-06,25.8,2022.0,1.0,20.0,20.0,75.0,220.0
00-0037077,Sam Howell,QB,SEA,2000-09-16,23.5,2022.0,5.0,1.0,144.0,73.0,220.0
00-0038128,Malik Willis,QB,TEN,1999-05-25,24.8,2022.0,3.0,22.0,86.0,73.0,219.0
00-0038108,Bailey Zappe,QB,NEP,1999-04-26,24.9,2022.0,4.0,32.0,137.0,73.0,215.0
00-0038122,Desmond Ridder,QB,ARI,1999-08-31,24.6,2022.0,3.0,10.0,74.0,75.0,207.0
00-0037834,Brock Purdy,QB,SFO,1999-12-27,24.3,2022.0,7.0,41.0,262.0,73.0,220.0
00-0037327,Skylar Thompson,QB,MIA,1997-06-04,26.8,2022.0,7.0,26.0,247.0,74.0,219.0
00-0038120,Breece Hall,RB,NYJ,2001-05-31,22.8,2022.0,2.0,4.0,36.0,73.0,220.0
00-0038045,Isaiah Spiller,RB,LAC,2001-08-09,22.6,2022.0,4.0,18.0,123.0,73.0,215.0
00-0037840,Kyren Williams,RB,LAR,2000-08-26,23.6,2022.0,5.0,21.0,164.0,69.0,194.0
00-0038134,Kenneth Walker III,RB,SEA,2000-10-20,23.4,2022.0,2.0,9.0,41.0,69.0,211.0
00-0037263,Tyler Allgeier,RB,ATL,2000-04-15,24.0,2022.0,5.0,8.0,151.0,71.0,220.0
00-0037267,Jerome Ford,RB,CLE,1999-09-12,24.5,2022.0,5.0,13.0,156.0,70.0,210.0
00-0038040,Zamir White,RB,LVR,1999-09-18,24.5,2022.0,4.0,17.0,122.0,72.0,215.0
00-0037248,James Cook,RB,BUF,1999-09-25,24.5,2022.0,2.0,31.0,63.0,71.0,190.0
00-0037746,Brian Robinson,RB,WAS,1999-03-22,25.0,2022.0,3.0,34.0,98.0,73.0,228.0
00-0037258,Dameon Pierce,RB,HOU,2000-02-19,24.1,2022.0,4.0,2.0,107.0,70.0,218.0
00-0037085,Tyler Badie,RB,DEN,2000-02-07,24.1,2022.0,6.0,17.0,196.0,68.0,197.0
00-0037286,Kevin Harris,RB,NEP,2000-11-17,23.4,2022.0,6.0,4.0,183.0,70.0,225.0
00-0037617,Hassan Haskins,RB,TEN,1999-11-26,24.3,2022.0,4.0,26.0,131.0,74.0,228.0
00-0037256,Rachaad White,RB,TBB,1999-04-22,24.9,2022.0,3.0,27.0,91.0,72.0,214.0
00-0037276,Ty Chandler,RB,MIN,1998-05-12,25.9,2022.0,5.0,26.0,169.0,71.0,204.0
00-0037265,Snoop Conner,RB,DAL,1999-12-16,24.3,2022.0,5.0,11.0,154.0,70.0,222.0
00-0037557,Ronnie Rivers,RB,LAR,1999-01-31,25.2,2022.0,,,,69.0,195.0
00-0037157,Zonovan Knight,RB,DET,2001-04-11,23.0,2022.0,,,,71.0,209.0
00-0037410,Jashaun Corbin,RB,NYG,2000-08-20,23.6,2022.0,,,,72.0,221.0
00-0037120,Tyler Goodson,RB,IND,2000-11-10,23.4,2022.0,,,,69.0,197.0
00-0038098,Pierre Strong Jr.,RB,CLE,1998-12-10,25.3,2022.0,4.0,22.0,127.0,71.0,215.0
00-0037299,Keaontay Ingram,RB,KCC,1999-10-26,24.4,2022.0,6.0,22.0,201.0,72.0,221.0
00-0037563,Malik Davis,RB,DAL,1998-11-26,25.3,2022.0,,,,71.0,202.0
00-0037228,Jaylen Warren,RB,PIT,1998-11-01,25.4,2022.0,,,,68.0,215.0
00-0037827,Tyrion Davis-Price,RB,PHI,2000-10-23,23.4,2022.0,3.0,29.0,93.0,73.0,219.0
00-0037087,Trestan Ebner,RB,FA,1999-01-02,25.2,2022.0,6.0,24.0,203.0,71.0,206.0
00-0037197,Isiah Pacheco,RB,KCC,1999-03-02,25.1,2022.0,7.0,30.0,251.0,70.0,216.0
00-0037238,Drake London,WR,ATL,2001-07-24,22.7,2022.0,1.0,8.0,8.0,76.0,213.0
00-0037742,Treylon Burks,WR,TEN,2000-03-23,24.0,2022.0,1.0,18.0,18.0,74.0,225.0
00-0037740,Garrett Wilson,WR,NYJ,2000-07-22,23.7,2022.0,1.0,10.0,10.0,72.0,192.0
00-0037239,Chris Olave,WR,NOS,2000-06-27,23.8,2022.0,1.0,11.0,11.0,72.0,187.0
00-0037741,Jahan Dotson,WR,WAS,2000-03-22,24.0,2022.0,1.0,16.0,16.0,71.0,182.0
00-0037240,Jameson Williams,WR,DET,2001-03-26,23.0,2022.0,1.0,12.0,12.0,73.0,180.0
00-0038117,Wan'Dale Robinson,WR,NYG,2001-01-05,23.2,2022.0,2.0,11.0,43.0,68.0,185.0
00-0037257,David Bell,WR,CLE,2000-12-14,23.3,2022.0,3.0,35.0,99.0,73.0,212.0
00-0037614,John Metchie,WR,HOU,2000-07-18,23.7,2022.0,2.0,12.0,44.0,71.0,187.0
00-0037261,Khalil Shakir,WR,BUF,2000-02-03,24.2,2022.0,5.0,5.0,148.0,72.0,190.0
00-0037247,George Pickens,WR,PIT,2001-03-04,23.1,2022.0,2.0,20.0,52.0,75.0,200.0
00-0037216,Justyn Ross,WR,KCC,1999-12-15,24.3,2022.0,,,,76.0,210.0
00-0038090,Skyy Moore,WR,KCC,2000-09-10,23.5,2022.0,2.0,22.0,54.0,70.0,195.0
00-0037745,Velus Jones,WR,CHI,1997-05-11,26.9,2022.0,3.0,7.0,71.0,72.0,200.0
00-0037664,Alec Pierce,WR,IND,2000-05-02,23.9,2022.0,2.0,21.0,53.0,75.0,211.0
00-0037132,Britain Covey,WR,PHI,1997-03-18,27.0,2022.0,,,,68.0,173.0
00-0037355,Braylon Sanders,WR,MIA,1999-01-21,25.2,2022.0,,,,73.0,190.0
00-0037837,Calvin Austin III,WR,PIT,1999-03-24,25.0,2022.0,4.0,33.0,138.0,69.0,162.0
00-0037816,Romeo Doubs,WR,GBP,2000-04-13,24.0,2022.0,4.0,27.0,132.0,74.0,204.0
00-0038092,Erik Ezukanma,WR,MIA,2000-01-25,24.2,2022.0,4.0,20.0,125.0,74.0,206.0
00-0037828,Danny Gray,WR,SFO,1999-04-01,25.0,2022.0,3.0,41.0,105.0,72.0,200.0
00-0037091,Bo Melton,WR,GBP,1999-05-18,24.9,2022.0,7.0,8.0,229.0,71.0,189.0
00-0037291,Jalen Nailor,WR,MIN,1999-03-02,25.1,2022.0,6.0,12.0,191.0,72.0,190.0
00-0038104,Tyquan Thornton,WR,NEP,2000-09-07,23.6,2022.0,2.0,18.0,50.0,74.0,185.0
00-0037666,Jalen Tolbert,WR,DAL,1999-02-27,25.1,2022.0,3.0,24.0,88.0,73.0,195.0
00-0038124,Christian Watson,WR,GBP,1999-05-12,24.9,2022.0,2.0,2.0,34.0,76.0,208.0
00-0037744,Trey McBride,TE,ARI,1999-11-22,24.4,2022.0,2.0,23.0,55.0,76.0,246.0
00-0038046,Charlie Kolar,TE,BAL,1999-02-10,25.1,2022.0,4.0,23.0,128.0,78.0,257.0
00-0037805,Jeremy Ruckert,TE,NYJ,2000-08-11,23.6,2022.0,3.0,37.0,101.0,77.0,250.0
00-0037252,Greg Dulcich,TE,DEN,2000-03-26,24.0,2022.0,3.0,16.0,80.0,76.0,245.0
00-0037838,Isaiah Likely,TE,BAL,2000-04-18,23.9,2022.0,4.0,34.0,139.0,76.0,241.0
00-0038041,Jake Ferguson,TE,DAL,1999-01-18,25.2,2022.0,4.0,24.0,129.0,77.0,244.0
00-0037304,Connor Heyward,TE,PIT,1999-01-22,25.2,2022.0,6.0,29.0,208.0,72.0,230.0
00-0038129,Cade Otton,TE,TBB,1999-04-15,25.0,2022.0,4.0,1.0,106.0,77.0,247.0
00-0037078,Cole Turner,TE,WAS,2000-03-16,24.0,2022.0,5.0,6.0,149.0,78.0,240.0
00-0037086,Grant Calcaterra,TE,PHI,1998-12-04,25.3,2022.0,6.0,19.0,198.0,76.0,240.0
00-0037755,Jelani Woods,TE,IND,1998-10-09,25.5,2022.0,3.0,9.0,73.0,79.0,253.0
00-0037098,Samori Toure,WR,GBP,1998-03-24,26.0,2022.0,7.0,37.0,258.0,73.0,191.0
00-0038115,Daniel Bellinger,TE,NYG,2000-09-22,23.5,2022.0,4.0,7.0,112.0,78.0,255.0
00-0037809,Chigoziem Okonkwo,TE,TEN,1999-09-08,24.6,2022.0,4.0,38.0,143.0,75.0,238.0
00-0037272,Montrell Washington,WR,KCC,1998-03-14,26.0,2022.0,5.0,19.0,162.0,70.0,170.0
00-0037273,Kyle Philips,WR,TEN,1999-06-17,24.8,2022.0,5.0,20.0,163.0,71.0,190.0
00-0037277,Teagan Quitoriano,TE,HOU,2000-03-15,24.0,2022.0,5.0,27.0,170.0,78.0,259.0
00-0037282,James Mitchell,TE,DET,1999-08-11,24.6,2022.0,5.0,34.0,177.0,76.0,246.0
00-0037292,Andrew Ogletree,TE,IND,1998-07-28,25.7,2022.0,6.0,13.0,192.0,77.0,260.0
00-0037306,John FitzPatrick,TE,ATL,2000-03-09,24.1,2022.0,6.0,34.0,213.0,79.0,250.0
00-0037311,Ko Kieft,TE,TBB,1998-01-20,26.2,2022.0,6.0,39.0,218.0,77.0,265.0
00-0037317,Nick Muse,TE,MIN,1998-11-25,25.3,2022.0,7.0,6.0,227.0,77.0,252.0
00-0037093,Dareke Young,WR,SEA,1999-06-04,24.8,2022.0,7.0,12.0,233.0,74.0,224.0
00-0037331,Zander Horvath,RB,FA,1998-12-10,25.2,2022.0,7.0,39.0,260.0,75.0,230.0
00-0037594,Julius Chestnut,RB,TEN,2000-10-26,23.4,2022.0,,,,71.0,228.0
00-0037539,Lucas Krull,TE,DEN,1998-07-11,25.7,2022.0,,,,78.0,260.0
00-0037525,Jordan Mason,RB,SFO,1999-05-24,24.8,2022.0,,,,71.0,223.0
00-0037429,Raheem Blackshear,RB,CAR,1998-06-05,25.8,2022.0,,,,69.0,190.0
00-0037487,Deven Thompkins,WR,TBB,1999-12-23,24.3,2022.0,,,,68.0,155.0
00-0037801,KaVontae Turpin,WR,DAL,1996-08-02,27.7,2022.0,,,,69.0,153.0
00-0037570,Dennis Houston,WR,NYG,1999-04-24,24.9,2022.0,,,,73.0,198.0
00-0037156,Irvin Charles,WR,NYJ,1997-04-13,27.0,2022.0,,,,76.0,219.0
00-0037382,Brandon Johnson,WR,DEN,1998-07-26,25.7,2022.0,,,,74.0,195.0
00-0037168,Armani Rogers,TE,WAS,1997-12-04,26.3,2022.0,,,,77.0,225.0
00-0037055,Lance McCutcheon,WR,NYJ,1999-02-28,25.1,2022.0,,,,75.0,202.0
00-0037387,Jalen Virgil,WR,DEN,1998-07-13,25.7,2022.0,,,,73.0,210.0
00-0037569,Peyton Hendershot,TE,DAL,1999-04-23,24.9,2022.0,,,,76.0,254.0
00-0037175,Anthony Brown,QB,LVR,1998-07-27,25.7,2022.0,,,,73.0,223.0
00-0037456,Troy Hairston,RB,HOU,1998-12-08,25.3,2022.0,,,,71.0,245.0
00-0037112,Jake Tonges,TE,FA,1999-07-08,24.6,2022.0,,,,76.0,240.0
00-0037545,Rashid Shaheed,WR,NOS,1998-08-31,25.6,2022.0,,,,72.0,180.0
00-0037475,Stone Smartt,TE,LAC,1998-10-04,25.5,2022.0,,,,76.0,226.0
00-0038147,Daylen Baldwin,WR,MIN,1999-11-24,24.2,2022.0,,,,74.0,212.0
00-0037506,Cole Fotheringham,TE,LVR,1997-10-11,26.5,2022.0,,,,76.0,243.0
00-0037420,Kwamie Lassiter,WR,CIN,1998-01-21,26.2,2022.0,,,,71.0,185.0
00-0036971,Trevor Lawrence,QB,JAC,1999-10-06,24.5,2021.0,1.0,1.0,1.0,78.0,220.0
00-0036945,Justin Fields,QB,PIT,1999-03-05,25.1,2021.0,1.0,11.0,11.0,75.0,228.0
00-0037013,Zach Wilson,QB,NYJ,1999-08-03,24.7,2021.0,1.0,2.0,2.0,74.0,214.0
00-0037012,Trey Lance,QB,DAL,2000-05-12,23.9,2021.0,1.0,3.0,3.0,76.0,226.0
00-0036972,Mac Jones,QB,JAC,1998-09-05,25.6,2021.0,1.0,15.0,15.0,75.0,220.0
00-0036928,Kyle Trask,QB,TBB,1998-03-06,26.1,2021.0,2.0,32.0,64.0,77.0,236.0
00-0036946,Kellen Mond,QB,FA,1999-06-22,24.8,2021.0,3.0,2.0,66.0,75.0,211.0
00-0036825,Feleipe Franks,TE,ATL,1997-12-22,26.3,2021.0,,,,78.0,234.0
00-0036929,Ian Book,QB,KCC,1998-03-30,26.0,2021.0,4.0,28.0,133.0,72.0,206.0
00-0036879,Sam Ehlinger,QB,IND,1998-09-30,25.5,2021.0,6.0,34.0,218.0,74.0,225.0
00-0036898,Davis Mills,QB,HOU,1998-10-21,25.4,2021.0,3.0,3.0,67.0,76.0,225.0
00-0036973,Travis Etienne,RB,JAC,1999-01-26,25.2,2021.0,1.0,25.0,25.0,70.0,215.0
00-0036893,Najee Harris,RB,PIT,1998-03-09,26.1,2021.0,1.0,24.0,24.0,73.0,242.0
00-0036919,Kenneth Gainwell,RB,PHI,1999-03-14,25.0,2021.0,5.0,6.0,150.0,69.0,200.0
00-0036997,Javonte Williams,RB,DEN,2000-04-25,23.9,2021.0,2.0,3.0,35.0,70.0,220.0
00-0036984,Trey Sermon,RB,IND,1999-01-30,25.2,2021.0,3.0,24.0,88.0,72.0,215.0
00-0036924,Michael Carter,RB,ARI,1999-05-07,24.9,2021.0,4.0,2.0,107.0,68.0,201.0
00-0036875,Rhamondre Stevenson,RB,NEP,1998-02-23,26.1,2021.0,4.0,15.0,120.0,72.0,227.0
00-0036755,Jaret Patterson,RB,LAC,1999-12-23,24.3,2021.0,,,,68.0,195.0
00-0036555,Chuba Hubbard,RB,CAR,1999-06-11,24.8,2021.0,4.0,21.0,126.0,73.0,210.0
00-0036670,Jermar Jefferson,RB,DET,2000-04-15,24.0,2021.0,7.0,29.0,257.0,70.0,215.0
00-0036567,Elijah Mitchell,RB,SFO,1998-05-02,25.9,2021.0,6.0,10.0,194.0,70.0,200.0
00-0036669,Kylin Hill,RB,FA,1998-08-18,25.5,2021.0,7.0,28.0,256.0,71.0,210.0
00-0036698,Mekhi Sargent,RB,FA,1997-10-08,26.3,2021.0,,,,68.0,208.0
00-0036654,Demetric Felton,RB,FA,1998-07-16,25.7,2021.0,6.0,27.0,211.0,69.0,185.0
00-0036906,Khalil Herbert,RB,CHI,1998-04-21,25.9,2021.0,6.0,33.0,217.0,69.0,212.0
00-0036650,Larry Rountree,RB,FA,1998-02-13,26.1,2021.0,6.0,14.0,198.0,70.0,210.0
00-0036523,Trey Ragas,RB,FA,1996-11-07,26.3,2021.0,,,,70.0,230.0
00-0036857,Chris Evans,RB,CIN,1997-10-05,26.5,2021.0,6.0,18.0,202.0,71.0,215.0
00-0036543,Spencer Brown,RB,CAR,1998-11-13,25.2,2021.0,,,,72.0,220.0
00-0036493,Deon Jackson,RB,NYG,1999-02-18,25.1,2021.0,,,,72.0,218.0
00-0036900,Ja'Marr Chase,WR,CIN,2000-03-01,24.1,2021.0,1.0,5.0,5.0,72.0,201.0
00-0036912,DeVonta Smith,WR,PHI,1998-11-14,25.4,2021.0,1.0,10.0,10.0,72.0,170.0
00-0036936,Rondale Moore,WR,ATL,2000-06-09,23.8,2021.0,2.0,17.0,49.0,67.0,180.0
00-0036613,Jaylen Waddle,WR,MIA,1998-11-25,25.3,2021.0,1.0,6.0,6.0,70.0,185.0
00-0036630,Tylan Wallace,WR,BAL,1999-05-13,24.9,2021.0,4.0,26.0,131.0,71.0,198.0
00-0036657,Seth Williams,WR,JAC,2000-04-10,24.0,2021.0,6.0,35.0,219.0,74.0,211.0
00-0036963,Amon-Ra St. Brown,WR,DET,1999-10-24,24.4,2021.0,4.0,7.0,112.0,72.0,202.0
00-0036980,Elijah Moore,WR,CLE,2000-03-27,24.0,2021.0,2.0,2.0,34.0,70.0,180.0
00-0036913,Kadarius Toney,WR,KCC,1999-01-27,25.2,2021.0,1.0,20.0,20.0,72.0,193.0
00-0036554,Nico Collins,WR,HOU,1999-03-19,25.0,2021.0,3.0,25.0,89.0,76.0,215.0
00-0036907,Dazz Newsome,WR,FA,1999-05-15,24.7,2021.0,6.0,37.0,221.0,70.0,184.0
00-0036626,Dyami Brown,WR,WAS,1999-11-01,24.4,2021.0,3.0,18.0,82.0,72.0,195.0
00-0036550,Rashod Bateman,WR,BAL,1999-11-29,24.3,2021.0,1.0,27.0,27.0,73.0,197.0
00-0036999,Anthony Schwartz,WR,MIA,2000-09-05,23.6,2021.0,3.0,27.0,91.0,72.0,186.0
00-0036991,Amari Rodgers,WR,FA,1999-09-23,24.5,2021.0,3.0,21.0,85.0,69.0,212.0
00-0036572,Shi Smith,WR,KCC,1998-10-26,25.4,2021.0,6.0,20.0,204.0,70.0,190.0
00-0036849,Tutu Atwell,WR,LAR,1999-10-07,24.5,2021.0,2.0,25.0,57.0,69.0,165.0
00-0036620,D'Wayne Eskridge,WR,SEA,1997-03-23,27.0,2021.0,2.0,24.0,56.0,69.0,190.0
00-0036646,Simi Fehoko,WR,LAC,1997-11-05,26.4,2021.0,5.0,35.0,179.0,76.0,218.0
00-0036951,Frank Darby,WR,FA,1997-09-08,26.6,2021.0,6.0,3.0,187.0,73.0,200.0
00-0036955,Terrace Marshall,WR,CAR,2000-06-09,23.8,2021.0,2.0,27.0,59.0,74.0,200.0
00-0036652,Racey McMath,WR,DAL,1999-06-14,24.8,2021.0,6.0,21.0,205.0,75.0,217.0
00-0036988,Josh Palmer,WR,LAC,1999-09-22,24.5,2021.0,3.0,13.0,77.0,73.0,210.0
00-0036877,Jaelon Darden,WR,CLE,1999-01-14,25.2,2021.0,4.0,24.0,129.0,68.0,175.0
00-0036810,Cade Johnson,WR,FA,1998-04-10,25.8,2021.0,,,,70.0,184.0
00-0036671,Dax Milne,WR,WAS,1999-06-23,24.8,2021.0,7.0,30.0,258.0,73.0,190.0
00-0036491,Tarik Black,WR,FA,1998-02-10,25.0,2021.0,,,,75.0,217.0
00-0036970,Kyle Pitts,TE,ATL,2000-10-06,23.5,2021.0,1.0,4.0,4.0,78.0,246.0
00-0036556,Brevin Jordan,TE,HOU,2000-07-16,23.7,2021.0,5.0,3.0,147.0,75.0,245.0
00-0036894,Pat Freiermuth,TE,PIT,1998-10-25,25.4,2021.0,2.0,23.0,55.0,77.0,258.0
00-0037005,Tommy Tremble,TE,CAR,2000-06-02,23.8,2021.0,3.0,19.0,83.0,76.0,250.0
00-0037011,Tre' McKitty,TE,BUF,1999-01-12,25.2,2021.0,3.0,33.0,97.0,76.0,246.0
00-0037004,Hunter Long,TE,LAR,1998-08-19,25.6,2021.0,3.0,17.0,81.0,77.0,253.0
00-0036887,Luke Farrell,TE,JAC,1997-10-14,26.5,2021.0,5.0,1.0,145.0,77.0,250.0
00-0036637,Noah Gray,TE,KCC,1999-04-30,24.9,2021.0,5.0,18.0,162.0,75.0,240.0
00-0036510,Kenny Yeboah,TE,NYJ,1998-10-30,25.4,2021.0,,,,75.0,250.0
00-0036590,Quintin Morris,TE,BUF,1999-01-21,25.2,2021.0,,,,74.0,252.0
00-0036628,John Bates,TE,WAS,1997-11-06,26.4,2021.0,4.0,19.0,124.0,78.0,259.0
00-0036627,Dez Fitzpatrick,WR,PIT,1997-12-17,26.3,2021.0,4.0,4.0,109.0,74.0,208.0
00-0036842,Kene Nwangwu,RB,MIN,1998-02-09,26.1,2021.0,4.0,14.0,119.0,73.0,210.0
00-0036876,Kylen Granson,TE,IND,1998-03-27,26.0,2021.0,4.0,22.0,127.0,75.0,242.0
00-0036918,Jacob Harris,WR,PHI,1997-04-16,27.0,2021.0,4.0,36.0,141.0,77.0,211.0
00-0036635,Ihmir Smith-Marsette,WR,CAR,1999-08-29,24.6,2021.0,5.0,13.0,157.0,73.0,185.0
00-0036950,Avery Williams,RB,ATL,1998-07-15,25.7,2021.0,5.0,39.0,183.0,69.0,195.0
00-0036569,Gary Brightwell,RB,NYG,1999-02-28,25.1,2021.0,6.0,12.0,196.0,73.0,220.0
00-0036858,Jalen Camp,WR,CAR,1998-07-10,25.7,2021.0,6.0,25.0,209.0,74.0,220.0
00-0036482,Mike Strachan,WR,CAR,1997-08-13,26.6,2021.0,7.0,1.0,229.0,77.0,225.0
00-0036860,Jake Funk,RB,DET,1998-01-11,26.2,2021.0,7.0,5.0,233.0,70.0,205.0
00-0036862,Ben Skowronek,WR,LAR,1997-06-27,26.8,2021.0,7.0,21.0,249.0,75.0,224.0
00-0036582,Nate McCrary,RB,FA,1999-04-09,24.8,2021.0,,,,72.0,213.0
00-0036829,Caleb Huntley,RB,FA,1998-09-15,25.5,2021.0,,,,70.0,229.0
00-0036692,Miller Forristall,TE,LAR,1998-03-11,25.9,2021.0,,,,77.0,245.0
00-0036741,Jack Stoll,TE,NYG,1998-01-28,26.2,2021.0,,,,76.0,247.0
00-0036534,Shane Zylstra,TE,DET,1996-11-16,27.4,2021.0,,,,76.0,240.0
00-0036754,Brock Wright,TE,DET,1998-11-27,25.3,2021.0,,,,77.0,250.0
00-0036727,Adam Prentice,RB,NOS,1997-01-16,27.2,2021.0,,,,72.0,245.0
00-0036768,JaQuan Hardy,RB,FA,1997-12-31,25.1,2021.0,,,,70.0,225.0
00-0036959,Michael Bandy,WR,DEN,1997-12-05,26.3,2021.0,,,,70.0,190.0
00-0036910,C.J. Saunders,WR,FA,1996-09-15,27.4,2021.0,,,,70.0,190.0
00-0036527,DJ Turner,WR,LVR,1997-01-18,27.2,2021.0,,,,69.0,205.0
00-0036497,Tim Jones,WR,JAC,1998-05-16,25.9,2021.0,,,,73.0,210.0
00-0037708,Maurice Alexander,WR,DET,1997-01-10,27.2,2021.0,,,,71.0,174.0
00-0036841,Austin Trammell,WR,LAR,1998-07-04,25.7,2021.0,,,,70.0,185.0
00-0036442,Joe Burrow,QB,CIN,1996-12-10,27.3,2020.0,1.0,1.0,1.0,76.0,215.0
00-0036212,Tua Tagovailoa,QB,MIA,1998-03-02,26.1,2020.0,1.0,5.0,5.0,73.0,227.0
00-0036355,Justin Herbert,QB,LAC,1998-03-10,26.1,2020.0,1.0,6.0,6.0,78.0,236.0
00-0036226,Jacob Eason,QB,NYG,1997-11-17,26.4,2020.0,4.0,16.0,122.0,78.0,231.0
00-0036197,Jake Fromm,QB,FA,1998-07-30,25.7,2020.0,5.0,21.0,167.0,74.0,215.0
00-0036264,Jordan Love,QB,GBP,1998-11-02,25.4,2020.0,1.0,26.0,26.0,76.0,219.0
00-0036389,Jalen Hurts,QB,PHI,1998-08-07,25.6,2020.0,2.0,21.0,53.0,73.0,223.0
00-0035993,Tyler Huntley,QB,CLE,1998-02-03,26.1,2020.0,,,,73.0,204.0
00-0035939,Bryce Perkins,QB,FA,1996-12-20,27.1,2020.0,,,,75.0,215.0
00-0036312,Jake Luton,QB,FA,1996-04-11,27.8,2020.0,6.0,10.0,189.0,78.0,224.0
00-0036275,D'Andre Swift,RB,CHI,1999-01-14,25.2,2020.0,2.0,3.0,35.0,69.0,215.0
00-0036251,Zack Moss,RB,CIN,1997-12-15,26.3,2020.0,3.0,22.0,86.0,69.0,205.0
00-0036414,Cam Akers,RB,MIN,1999-06-22,24.8,2020.0,2.0,20.0,52.0,70.0,217.0
00-0036158,J.K. Dobbins,RB,FA,1998-12-17,25.3,2020.0,2.0,23.0,55.0,70.0,215.0
00-0036383,Eno Benjamin,RB,NOS,1999-04-13,25.0,2020.0,7.0,8.0,222.0,69.0,207.0
00-0036223,Jonathan Taylor,RB,IND,1999-01-19,25.2,2020.0,2.0,9.0,41.0,70.0,226.0
00-0036360,Clyde Edwards-Helaire,RB,KCC,1999-04-11,25.0,2020.0,1.0,32.0,32.0,67.0,207.0
00-0036336,Anthony McFarland,RB,FA,1999-03-04,25.1,2020.0,4.0,18.0,124.0,68.0,193.0
00-0036265,AJ Dillon,RB,GBP,1998-05-02,25.9,2020.0,2.0,30.0,62.0,72.0,247.0
00-0036269,Lamical Perine,RB,KCC,1998-01-30,26.2,2020.0,4.0,14.0,120.0,71.0,216.0
00-0036370,Joshua Kelley,RB,LAC,1997-11-20,26.4,2020.0,4.0,6.0,112.0,71.0,212.0
00-0036297,Darrynton Evans,RB,BUF,1998-07-09,25.7,2020.0,3.0,29.0,93.0,70.0,203.0
00-0035957,Rodney Smith,RB,FA,1996-02-28,27.0,2020.0,,,,71.0,210.0
00-0036450,Ke'Shawn Vaughn,RB,NEP,1997-05-04,26.9,2020.0,3.0,12.0,76.0,70.0,214.0
00-0036020,Salvon Ahmed,RB,MIA,1998-12-29,25.2,2020.0,,,,71.0,197.0
00-0035831,James Robinson,RB,NOS,1998-08-09,25.6,2020.0,,,,70.0,220.0
00-0036425,DeeJay Dallas,RB,ARI,1998-09-16,25.5,2020.0,4.0,38.0,144.0,70.0,214.0
00-0035973,Patrick Taylor,RB,GBP,1998-04-29,25.9,2020.0,,,,74.0,217.0
00-0035806,JaMycal Hasty,RB,NEP,1996-09-12,27.5,2020.0,,,,68.0,205.0
00-0036139,Rico Dowdle,RB,DAL,1998-06-14,25.8,2020.0,,,,72.0,215.0
00-0036069,Scottie Phillips,RB,FA,1997-10-06,25.4,2020.0,,,,68.0,211.0
00-0036208,Artavis Pierce,RB,FA,1996-05-14,26.8,2020.0,,,,71.0,208.0
00-0036096,J.J. Taylor,RB,HOU,1998-01-04,26.2,2020.0,,,,66.0,190.0
00-0035860,Tony Jones,RB,ARI,1997-11-24,26.3,2020.0,,,,71.0,224.0
00-0035912,LeVante Bellamy,RB,FA,1996-11-28,26.2,2020.0,,,,69.0,188.0
00-0036000,Adrian Killins Jr.,RB,FA,1998-01-02,25.1,2020.0,,,,68.0,164.0
00-0036358,CeeDee Lamb,WR,DAL,1999-04-08,25.0,2020.0,1.0,17.0,17.0,74.0,200.0
00-0036407,Jerry Jeudy,WR,CLE,1999-04-24,24.9,2020.0,1.0,15.0,15.0,73.0,193.0
00-0036357,Henry Ruggs,WR,FA,1999-01-24,25.2,2020.0,1.0,12.0,12.0,72.0,190.0
00-0036410,Tee Higgins,WR,CIN,1999-01-28,25.2,2020.0,2.0,1.0,33.0,76.0,219.0
00-0036322,Justin Jefferson,WR,MIN,1999-06-16,24.8,2020.0,1.0,22.0,22.0,73.0,195.0
00-0036412,KJ Hamler,WR,BUF,1999-07-08,24.7,2020.0,2.0,14.0,46.0,69.0,178.0
00-0036268,Laviska Shenault,WR,CAR,1998-10-05,25.5,2020.0,2.0,10.0,42.0,73.0,220.0
00-0036387,Jalen Reagor,WR,NEP,1999-01-01,25.2,2020.0,1.0,21.0,21.0,71.0,197.0
00-0036261,Brandon Aiyuk,WR,SFO,1998-03-17,26.0,2020.0,1.0,25.0,25.0,72.0,200.0
00-0036326,Chase Claypool,WR,MIA,1998-07-07,25.7,2020.0,2.0,17.0,49.0,76.0,238.0
00-0036252,Michael Pittman,WR,IND,1997-10-05,26.5,2020.0,2.0,2.0,34.0,76.0,223.0
00-0036364,Lynn Bowden,WR,NOS,1997-10-14,26.5,2020.0,3.0,16.0,80.0,73.0,204.0
00-0036365,Bryan Edwards,WR,FA,1998-11-13,25.4,2020.0,3.0,17.0,81.0,75.0,215.0
00-0036196,Gabriel Davis,WR,JAC,1999-04-01,25.0,2020.0,4.0,22.0,128.0,74.0,225.0
00-0036255,Denzel Mims,WR,PIT,1997-10-10,26.5,2020.0,2.0,27.0,59.0,75.0,207.0
00-0036331,Devin Duvernay,WR,JAC,1997-09-12,26.5,2020.0,3.0,28.0,92.0,71.0,202.0
00-0036133,James Proche,WR,CLE,1996-09-21,27.5,2020.0,6.0,22.0,201.0,71.0,193.0
00-0036165,Isaiah Hodgins,WR,NYG,1998-10-21,25.4,2020.0,6.0,28.0,207.0,75.0,200.0
00-0036277,Quintez Cephus,WR,FA,1998-04-01,26.0,2020.0,5.0,20.0,166.0,73.0,205.0
00-0036382,K.J. Hill,WR,FA,1997-09-15,25.4,2020.0,7.0,6.0,220.0,72.0,197.0
00-0036328,Antonio Gibson,RB,NEP,1998-06-23,25.8,2020.0,3.0,2.0,66.0,74.0,220.0
00-0036254,Collin Johnson,WR,CHI,1997-09-23,26.5,2020.0,5.0,19.0,165.0,78.0,220.0
00-0035869,Austin Mack,WR,FA,1997-08-31,25.5,2020.0,,,,74.0,215.0
00-0036233,Donovan Peoples-Jones,WR,DET,1999-02-19,25.1,2020.0,6.0,8.0,187.0,74.0,204.0
00-0036415,Van Jefferson,WR,PIT,1996-07-26,27.7,2020.0,2.0,25.0,57.0,73.0,200.0
00-0035934,Trishton Jackson,WR,MIN,1998-03-09,26.1,2020.0,,,,73.0,191.0
00-0036259,Jauan Jennings,WR,SFO,1997-07-10,26.7,2020.0,7.0,3.0,217.0,75.0,212.0
00-0036040,Juwan Johnson,TE,NOS,1996-09-13,27.5,2020.0,,,,76.0,231.0
00-0036377,Joe Reed,WR,CHI,1998-01-04,26.2,2020.0,5.0,5.0,151.0,72.0,224.0
00-0036340,Antonio Gandy-Golden,WR,FA,1998-04-11,24.9,2020.0,4.0,36.0,142.0,76.0,220.0
00-0036427,Tyler Johnson,WR,LAR,1998-08-25,25.6,2020.0,5.0,15.0,161.0,73.0,205.0
00-0036247,Freddie Swain,WR,FA,1998-08-04,25.7,2020.0,6.0,35.0,214.0,72.0,199.0
00-0036290,Cole Kmet,TE,CHI,1999-03-10,25.1,2020.0,2.0,11.0,43.0,78.0,260.0
00-0036424,Brycen Hopkins,TE,LAR,1997-03-27,27.0,2020.0,4.0,30.0,136.0,76.0,245.0
00-0036422,Adam Trautman,TE,DEN,1997-02-05,27.1,2020.0,3.0,41.0,105.0,77.0,253.0
00-0036244,Colby Parkinson,TE,LAR,1999-01-08,25.2,2020.0,4.0,27.0,133.0,79.0,265.0
00-0036423,Albert Okwuegbunam,TE,PHI,1998-04-25,25.9,2020.0,4.0,12.0,118.0,77.0,258.0
00-0036008,Hunter Bryant,TE,FA,1998-08-20,25.5,2020.0,,,,74.0,239.0
00-0036232,Harrison Bryant,TE,LVR,1998-04-23,25.9,2020.0,4.0,9.0,115.0,77.0,230.0
00-0036332,Josiah Deguara,TE,GBP,1997-02-14,27.1,2020.0,3.0,30.0,94.0,74.0,238.0
00-0036194,Devin Asiasi,TE,FA,1997-08-14,26.6,2020.0,3.0,27.0,91.0,75.0,260.0
00-0036225,Dalton Keene,TE,HOU,1999-04-14,25.0,2020.0,3.0,37.0,101.0,76.0,251.0
00-0036398,John Hightower,WR,FA,1996-05-31,27.7,2020.0,5.0,22.0,168.0,74.0,190.0
00-0036308,Isaiah Coulter,WR,FA,1998-09-18,25.4,2020.0,5.0,25.0,171.0,74.0,198.0
00-0036278,Jason Huntley,RB,FA,1998-04-20,25.8,2020.0,5.0,26.0,172.0,69.0,195.0
00-0036309,Darnell Mooney,WR,ATL,1997-10-29,26.4,2020.0,5.0,27.0,173.0,71.0,173.0
00-0036345,K.J. Osborn,WR,NEP,1997-06-10,26.8,2020.0,5.0,30.0,176.0,71.0,203.0
00-0036429,Charlie Woerner,TE,ATL,1997-10-16,26.5,2020.0,6.0,11.0,190.0,77.0,241.0
00-0036271,Quez Watkins,WR,PIT,1998-06-09,25.8,2020.0,6.0,21.0,200.0,72.0,193.0
00-0036250,Tyler Davis,TE,GBP,1997-04-02,27.0,2020.0,6.0,27.0,206.0,76.0,252.0
00-0036228,Dezmon Patmon,WR,FA,1998-08-06,25.5,2020.0,6.0,33.0,212.0,76.0,225.0
00-0036384,Ben DiNucci,QB,DEN,1996-11-24,27.2,2020.0,7.0,17.0,231.0,74.0,215.0
00-0036433,Tommy Stevens,QB,FA,1996-12-15,25.2,2020.0,7.0,26.0,240.0,77.0,235.0
00-0036245,Malcolm Perry,WR,FA,1997-04-19,25.9,2020.0,7.0,32.0,246.0,69.0,190.0
00-0036438,Stephen Sullivan,TE,CAR,1996-11-28,27.3,2020.0,7.0,37.0,251.0,77.0,245.0
00-0036439,Tyrie Cleveland,WR,IND,1997-09-20,26.5,2020.0,7.0,38.0,252.0,74.0,205.0
00-0036219,Marquez Callaway,WR,PIT,1998-03-27,26.0,2020.0,,,,74.0,204.0
00-0036457,Ty'Son Williams,RB,FA,1996-09-04,27.6,2020.0,,,,72.0,220.0
00-0036145,Lawrence Cager,TE,NYG,1997-08-20,26.6,2020.0,,,,77.0,220.0
00-0035924,Jonathan Ward,RB,TEN,1997-09-30,26.5,2020.0,,,,72.0,202.0
00-0035844,Kirk Merritt,WR,FA,1997-01-05,27.2,2020.0,,,,73.0,214.0
00-0035956,Giovanni Ricci,TE,CLE,1996-10-16,27.4,2020.0,,,,75.0,240.0
00-0036142,Isaiah Wright,WR,FA,1997-01-13,26.1,2020.0,,,,74.0,220.0
00-0036005,Noah Togiai,TE,PHI,1997-07-06,26.7,2020.0,,,,76.0,244.0
00-0035835,Nathan Cottrell,RB,FA,1996-08-02,26.6,2020.0,,,,71.0,193.0
00-0035823,Ben Ellefson,TE,FA,1996-09-01,27.4,2020.0,,,,75.0,250.0
00-0035908,Gabe Nabers,RB,FA,1997-11-05,25.3,2020.0,,,,75.0,243.0
00-0036032,Sean McKeon,TE,DAL,1997-12-28,26.3,2020.0,,,,77.0,238.0
00-0035898,Darius Bradwell,RB,FA,1997-05-15,25.8,2020.0,,,,73.0,230.0
00-0036187,Reggie Gilliam,RB,BUF,1997-08-20,26.6,2020.0,,,,72.0,244.0
00-0036182,Nick Westbrook-Ikhine,WR,TEN,1997-03-21,27.0,2020.0,,,,74.0,211.0
00-0036100,Isaiah Zuber,WR,FA,1997-04-15,24.9,2020.0,,,,72.0,190.0
00-0035848,De'Michael Harris,WR,FA,1998-07-12,24.6,2020.0,,,,69.0,175.0
00-0035864,Kendall Hinton,WR,FA,1997-02-19,27.1,2020.0,,,,72.0,195.0
00-0036110,Ja'Marcus Bradley,WR,FA,1996-12-11,27.2,2020.0,,,,72.0,198.0
00-0036456,Dominique Dafney,TE,FA,1997-06-03,26.7,2020.0,,,,75.0,235.0
00-0036188,Antonio Williams,RB,FA,1997-10-22,26.3,2020.0,,,,71.0,210.0
00-0036183,Kristian Wilkerson,WR,LVR,1997-01-10,27.2,2020.0,,,,73.0,214.0
00-0036080,Easop Winston,WR,SEA,1996-12-17,27.3,2020.0,,,,72.0,190.0
00-0036176,Mason Kinsey,WR,TEN,1998-08-29,25.6,2020.0,,,,70.0,203.0
00-0036173,Tommy Hudson,TE,TEN,1997-02-22,26.0,2020.0,,,,77.0,255.0
00-0036059,Tyler Mabry,TE,SEA,1996-11-21,26.3,2020.0,,,,75.0,247.0
00-0035771,Mitchell Wilcox,TE,CIN,1996-11-07,27.4,2020.0,,,,76.0,250.0
00-0035891,Cody White,WR,SEA,1998-11-28,25.2,2020.0,,,,75.0,215.0
00-0035883,Maurice Ffrench,WR,FA,1998-01-01,25.1,2020.0,,,,71.0,200.0
00-0035876,Andre Baccellia,WR,ARI,1997-01-07,27.2,2020.0,,,,70.0,175.0
00-0035228,Kyler Murray,QB,ARI,1997-08-07,26.6,2019.0,1.0,1.0,1.0,70.0,207.0
00-0035704,Drew Lock,QB,NYG,1996-11-10,27.4,2019.0,2.0,10.0,42.0,76.0,228.0
00-0035232,Dwayne Haskins,QB,FA,1997-05-03,25.8,2019.0,1.0,15.0,15.0,75.0,231.0
00-0035710,Daniel Jones,QB,NYG,1997-05-27,26.8,2019.0,1.0,6.0,6.0,77.0,230.0
00-0035356,Tyree Jackson,TE,NYG,1997-02-07,27.1,2019.0,,,,79.0,249.0
00-0035146,Trace McSorley,QB,FA,1995-08-23,28.6,2019.0,6.0,24.0,197.0,72.0,202.0
00-0035251,Will Grier,QB,PHI,1995-04-03,29.0,2019.0,3.0,36.0,100.0,73.0,220.0
00-0035264,Jarrett Stidham,QB,DEN,1996-08-08,27.6,2019.0,4.0,31.0,133.0,75.0,215.0
00-0034955,Brett Rypien,QB,CHI,1996-07-09,27.7,2019.0,,,,74.0,202.0
00-0035289,Gardner Minshew,QB,LVR,1996-05-16,27.9,2019.0,6.0,5.0,178.0,73.0,225.0
00-0035652,Ryan Finley,QB,FA,1994-12-26,28.2,2019.0,4.0,2.0,104.0,76.0,207.0
00-0035282,Easton Stick,QB,LAC,1995-09-15,28.5,2019.0,5.0,28.0,166.0,73.0,224.0
00-0035040,David Blough,QB,FA,1995-07-31,28.5,2019.0,,,,73.0,207.0
00-0035685,David Montgomery,RB,DET,1997-06-07,26.8,2019.0,3.0,9.0,73.0,71.0,224.0
00-0035217,Benny Snell,RB,FA,1998-02-27,26.1,2019.0,4.0,20.0,122.0,70.0,224.0
00-0035700,Josh Jacobs,RB,GBP,1998-02-11,26.1,2019.0,1.0,24.0,24.0,70.0,223.0
00-0034995,Dexter Williams,RB,FA,1997-01-06,26.1,2019.0,6.0,21.0,194.0,71.0,212.0
00-0035657,Damien Harris,RB,FA,1997-02-11,27.1,2019.0,3.0,23.0,87.0,71.0,213.0
00-0035291,Trayveon Williams,RB,CIN,1997-10-18,26.4,2019.0,6.0,9.0,182.0,68.0,206.0
00-0035243,Miles Sanders,RB,CAR,1997-05-01,26.9,2019.0,2.0,21.0,53.0,71.0,210.0
00-0035250,Devin Singletary,RB,NYG,1997-09-03,26.6,2019.0,3.0,10.0,74.0,67.0,203.0
00-0035311,Myles Gaskin,RB,MIN,1997-02-15,27.1,2019.0,7.0,20.0,234.0,70.0,199.0
00-0035594,Travis Homer,RB,CHI,1998-08-07,25.6,2019.0,6.0,31.0,204.0,70.0,202.0
00-0035261,Tony Pollard,RB,TEN,1997-04-30,26.9,2019.0,4.0,26.0,128.0,72.0,209.0
00-0034975,Justice Hill,RB,BAL,1997-11-14,26.4,2019.0,4.0,11.0,113.0,70.0,197.0
00-0035664,Darrell Henderson,RB,FA,1997-08-19,26.6,2019.0,3.0,6.0,70.0,68.0,208.0
00-0035268,Ryquell Armstead,RB,FA,1996-10-30,27.3,2019.0,5.0,2.0,140.0,71.0,220.0
00-0035275,Jordan Scarlett,RB,FA,1995-07-08,27.6,2019.0,5.0,16.0,154.0,71.0,210.0
00-0035537,Ty Johnson,RB,BUF,1997-09-17,26.5,2019.0,6.0,13.0,186.0,70.0,210.0
00-0035184,Devine Ozigbo,RB,FA,1996-10-02,27.5,2019.0,,,,72.0,225.0
00-0035273,Qadree Ollison,RB,PIT,1996-09-08,27.6,2019.0,5.0,14.0,152.0,73.0,232.0
00-0035448,Damarea Crockett,RB,FA,1997-12-22,26.1,2019.0,,,,71.0,225.0
00-0035624,N'Keal Harry,WR,MIN,1997-12-17,26.3,2019.0,1.0,32.0,32.0,76.0,225.0
00-0035640,DK Metcalf,WR,SEA,1997-12-14,26.3,2019.0,2.0,32.0,64.0,76.0,235.0
00-0035590,Riley Ridley,WR,FA,1996-07-21,27.6,2019.0,4.0,24.0,126.0,73.0,199.0
00-0035676,A.J. Brown,WR,PHI,1997-06-30,26.7,2019.0,2.0,19.0,51.0,73.0,226.0
00-0035662,Marquise Brown,WR,KCC,1997-06-04,26.8,2019.0,1.0,25.0,25.0,69.0,180.0
00-0035529,Hakeem Butler,WR,FA,1996-05-16,27.7,2019.0,4.0,1.0,103.0,77.0,227.0
00-0035246,JJ Arcega-Whiteside,TE,FA,1996-12-31,27.1,2019.0,2.0,25.0,57.0,74.0,225.0
00-0035500,Greg Dortch,WR,ARI,1998-05-29,25.8,2019.0,,,,67.0,175.0
00-0035659,Terry McLaurin,WR,WAS,1995-09-15,28.5,2019.0,3.0,12.0,76.0,72.0,210.0
00-0035359,David Sills,WR,DEN,1996-05-29,27.8,2019.0,,,,75.0,211.0
00-0035639,Parris Campbell,WR,PHI,1997-07-16,26.7,2019.0,2.0,27.0,59.0,73.0,205.0
00-0035140,Mecole Hardman,WR,FA,1998-03-12,26.0,2019.0,2.0,24.0,56.0,70.0,187.0
00-0035297,Kelvin Harmon,WR,FA,1996-12-15,26.2,2019.0,6.0,33.0,206.0,74.0,215.0
00-0035457,Tyron Johnson,WR,FA,1996-01-08,28.1,2019.0,,,,73.0,193.0
00-0035406,Lil'Jordan Humphrey,WR,DEN,1998-04-18,25.9,2019.0,,,,76.0,225.0
00-0035527,Andy Isabella,WR,BUF,1996-11-18,27.4,2019.0,2.0,30.0,62.0,69.0,188.0
00-0035535,Darius Slayton,WR,NYG,1997-01-12,27.2,2019.0,5.0,33.0,171.0,73.0,198.0
00-0034983,Hunter Renfrow,WR,FA,1995-12-21,28.3,2019.0,5.0,11.0,149.0,70.0,185.0
00-0035287,KeeSean Johnson,WR,FA,1996-10-09,27.3,2019.0,6.0,1.0,174.0,73.0,201.0
00-0035703,Miles Boykin,WR,PIT,1996-10-12,27.5,2019.0,3.0,29.0,93.0,76.0,220.0
00-0035350,Preston Williams,WR,FA,1997-03-27,27.0,2019.0,,,,77.0,218.0
00-0034960,Jakobi Meyers,WR,LVR,1996-11-09,27.4,2019.0,,,,74.0,200.0
00-0035126,Antoine Wesley,WR,FA,1997-10-22,26.3,2019.0,,,,76.0,206.0
00-0035399,Stanley Morgan,WR,NOS,1997-09-07,26.6,2019.0,,,,72.0,205.0
00-0035719,Deebo Samuel,WR,SFO,1996-01-15,28.2,2019.0,2.0,4.0,36.0,72.0,215.0
00-0035644,Noah Fant,TE,SEA,1997-11-20,26.4,2019.0,1.0,20.0,20.0,76.0,249.0
00-0035229,T.J. Hockenson,TE,MIN,1997-07-03,26.7,2019.0,1.0,8.0,8.0,77.0,248.0
00-0035671,Jace Sternberger,TE,FA,1996-06-26,27.6,2019.0,3.0,11.0,75.0,76.0,251.0
00-0034970,Irv Smith,TE,KCC,1998-08-09,25.6,2019.0,2.0,18.0,50.0,74.0,240.0
00-0034988,Kaden Smith,TE,FA,1997-04-24,26.8,2019.0,6.0,3.0,176.0,77.0,249.0
00-0035689,Dawson Knox,TE,BUF,1996-11-14,27.4,2019.0,3.0,32.0,96.0,76.0,254.0
00-0035539,Isaac Nauta,TE,FA,1997-05-21,24.8,2019.0,7.0,10.0,224.0,75.0,246.0
00-0035631,Drew Sample,TE,CIN,1996-04-16,28.0,2019.0,2.0,20.0,52.0,77.0,255.0
00-0035660,Kahale Warring,TE,FA,1997-03-23,25.9,2019.0,3.0,22.0,86.0,77.0,252.0
00-0035216,Diontae Johnson,WR,CAR,1996-07-05,27.7,2019.0,3.0,2.0,66.0,70.0,183.0
00-0035249,Josh Oliver,TE,MIN,1997-03-21,27.0,2019.0,3.0,5.0,69.0,77.0,259.0
00-0034972,Alexander Mattison,RB,LVR,1998-06-19,25.8,2019.0,3.0,38.0,102.0,71.0,215.0
00-0035259,Trevon Wesco,TE,TEN,1995-09-12,28.5,2019.0,4.0,19.0,121.0,75.0,267.0
00-0034981,Foster Moreau,TE,NOS,1997-05-06,26.9,2019.0,4.0,35.0,137.0,76.0,250.0
00-0035222,Zach Gentry,TE,LVR,1996-09-10,27.5,2019.0,5.0,3.0,141.0,80.0,265.0
00-0035592,Travis Fulgham,WR,FA,1995-09-13,28.4,2019.0,6.0,11.0,184.0,74.0,215.0
00-0035593,Juwann Winfree,WR,IND,1996-09-04,27.6,2019.0,6.0,14.0,187.0,73.0,210.0
00-0035298,Scotty Miller,WR,ATL,1997-07-31,26.7,2019.0,6.0,35.0,208.0,69.0,174.0
00-0035148,Darwin Thompson,RB,FA,1997-02-12,27.0,2019.0,6.0,42.0,214.0,68.0,200.0
00-0035304,Cullen Gillaspia,RB,FA,1995-05-12,28.7,2019.0,7.0,6.0,220.0,74.0,235.0
00-0035596,Kerrith Whyte,RB,GBP,1996-10-31,25.3,2019.0,7.0,8.0,222.0,70.0,200.0
00-0035308,Tommy Sweeney,TE,FA,1995-07-01,28.7,2019.0,7.0,14.0,228.0,77.0,255.0
00-0035310,Chandler Cox,RB,FA,1996-07-29,25.6,2019.0,7.0,19.0,233.0,73.0,240.0
00-0035597,John Ursua,WR,FA,1994-01-17,29.1,2019.0,7.0,22.0,236.0,70.0,182.0
00-0035313,Terry Godwin,WR,FA,1996-10-23,26.3,2019.0,7.0,23.0,237.0,71.0,185.0
00-0035006,Olabisi Johnson,WR,FA,1997-03-17,26.9,2019.0,7.0,33.0,247.0,72.0,203.0
00-0035021,Ashton Dulin,WR,IND,1997-05-15,26.9,2019.0,,,,74.0,215.0
00-0035022,Penny Hart,WR,FA,1996-07-05,27.7,2019.0,,,,68.0,180.0
00-0035120,Keelan Doss,WR,LAC,1996-03-21,28.0,2019.0,,,,75.0,215.0
00-0034959,Andrew Beck,RB,HOU,1996-05-15,27.9,2019.0,,,,75.0,255.0
00-0035164,Cody Thompson,WR,FA,1996-01-11,28.2,2019.0,,,,74.0,205.0
00-0035181,Darrius Shepherd,WR,FA,1995-11-01,26.3,2019.0,,,,71.0,186.0
00-0035628,D'Ernest Johnson,RB,JAC,1996-02-27,28.1,2019.0,,,,70.0,208.0
00-0035489,Wes Hills,RB,FA,1995-06-05,25.9,2019.0,,,,72.0,218.0
00-0035414,Jalen Guyton,WR,LAC,1997-06-07,26.8,2019.0,,,,73.0,212.0
00-0035013,Jon Hilliman,RB,FA,1995-11-14,25.5,2019.0,,,,72.0,226.0
00-0035329,Donald Parham,TE,LAC,1997-08-16,26.6,2019.0,,,,80.0,237.0
00-0034922,Ishmael Hyman,WR,CAR,1995-08-23,25.7,2019.0,,,,72.0,196.0
00-0035603,Kendall Blanton,TE,FA,1995-11-10,28.2,2019.0,,,,78.0,262.0
00-0035100,Jake Browning,QB,CIN,1996-04-11,28.0,2019.0,,,,74.0,209.0
00-0035726,Jakob Johnson,RB,LVR,1994-12-15,29.3,2019.0,,,,75.0,255.0
00-0035428,Daniel Helm,TE,FA,1995-04-20,27.8,2019.0,,,,76.0,255.0
00-0035187,Austin Walter,RB,LVR,1996-08-17,27.6,2019.0,,,,68.0,202.0
00-0035401,Damion Willis,WR,FA,1997-06-20,23.9,2019.0,,,,75.0,204.0
00-0035125,Alec Ingold,RB,MIA,1996-07-09,27.7,2019.0,,,,73.0,232.0
00-0034578,Reggie Bonnafon,RB,FA,1996-01-04,28.1,2019.0,,,,72.0,215.0
00-0035374,Michael Walker,WR,FA,1996-10-29,24.5,2019.0,,,,71.0,194.0
00-0035551,Tony Brooks-James,RB,FA,1994-12-06,27.2,2019.0,,,,69.0,179.0
00-0035548,Ventell Bryant,WR,FA,1996-08-24,25.5,2019.0,,,,75.0,205.0
00-0035045,D.J. Montgomery,WR,IND,1996-11-17,27.4,2019.0,,,,73.0,201.0
00-0035039,Stephen Carlson,TE,FA,1996-12-12,26.2,2019.0,,,,76.0,240.0
00-0034930,Trinity Benson,WR,FA,1997-01-16,27.1,2019.0,,,,72.0,180.0
00-0035544,Tom Kennedy,WR,DET,1996-07-29,27.7,2019.0,,,,70.0,195.0
00-0035480,Malik Taylor,WR,NYJ,1995-12-21,28.3,2019.0,,,,75.0,220.0
00-0035432,Jason Moore,WR,FA,1995-06-23,28.6,2019.0,,,,74.0,213.0
00-0035602,Alex Bachman,WR,HOU,1996-05-29,26.7,2019.0,,,,72.0,190.0
00-0035621,Nsimba Webster,WR,CHI,1996-01-27,28.2,2019.0,,,,70.0,180.0
00-0035341,Trenton Irwin,WR,CIN,1995-12-10,28.3,2019.0,,,,74.0,200.0
00-0035099,Khari Blasingame,RB,CHI,1996-07-01,27.7,2019.0,,,,72.0,233.0
00-0035101,Davion Davis,WR,FA,1996-10-23,26.3,2019.0,,,,71.0,195.0
00-0035104,Alexander Hollins,WR,CLE,1996-11-24,24.5,2019.0,,,,73.0,166.0
00-0035645,Gunner Olszewski,WR,NYG,1996-11-26,27.3,2019.0,,,,72.0,190.0
00-0035215,Deonte Harty,WR,FA,1997-12-04,26.3,2019.0,,,,66.0,170.0
00-0035510,Jeff Smith,WR,ARI,1997-04-21,26.9,2019.0,,,,73.0,195.0
00-0035161,John Lovett,TE,FA,1996-04-25,25.8,2019.0,,,,75.0,225.0
00-0035208,Olamide Zaccheaus,WR,PHI,1997-07-23,26.7,2019.0,,,,68.0,193.0
00-0035342,Patrick Laird,RB,TBB,1995-08-17,28.6,2019.0,,,,73.0,205.0
00-0034928,Steven Sims,WR,HOU,1997-03-31,27.0,2019.0,,,,70.0,176.0
00-0035577,Devlin Hodges,QB,FA,1996-04-12,26.9,2019.0,,,,73.0,210.0
00-0035025,Hale Hentges,TE,FA,1996-08-19,25.5,2019.0,,,,76.0,245.0
00-0035102,Brandon Dillon,TE,FA,1997-04-30,25.8,2019.0,,,,77.0,250.0
00-0035567,Craig Reynolds,RB,DET,1996-06-15,27.8,2019.0,,,,71.0,216.0
00-0035553,Charles Jones,TE,JAC,1996-08-05,24.8,2019.0,,,,76.0,255.0
00-0035562,Jesper Horsted,TE,LVR,1997-02-27,27.1,2019.0,,,,75.0,237.0
00-0035760,Jacques Patrick,RB,NYJ,1997-01-07,27.2,2019.0,,,,74.0,239.0
00-0035752,Chris Streveler,QB,FA,1995-01-06,29.1,2019.0,,,,73.0,216.0
00-0035547,Jody Fortson,TE,MIA,1995-12-07,28.3,2019.0,,,,76.0,226.0
00-0035715,Derrick Gore,RB,WAS,1994-12-13,29.3,2019.0,,,,70.0,212.0
00-0035572,Parker Hesse,TE,FA,1995-05-26,28.8,2019.0,,,,75.0,261.0
00-0035345,Chris Myarick,TE,FA,1995-10-06,28.3,2019.0,,,,77.0,261.0
00-0032945,Duke Williams,WR,FA,1993-05-13,29.8,2018.0,,,,75.0,225.0
00-0034052,Brandon Zylstra,WR,FA,1993-03-25,31.0,2018.0,,,,74.0,215.0
00-0034857,Josh Allen,QB,BUF,1996-05-21,27.9,2018.0,1.0,7.0,7.0,77.0,237.0
00-0034855,Baker Mayfield,QB,TBB,1995-04-14,29.0,2018.0,1.0,1.0,1.0,73.0,215.0
00-0034343,Josh Rosen,QB,FA,1997-02-10,27.0,2018.0,1.0,10.0,10.0,76.0,215.0
00-0034869,Sam Darnold,QB,MIN,1997-06-05,26.8,2018.0,1.0,3.0,3.0,75.0,225.0
00-0034796,Lamar Jackson,QB,BAL,1997-01-07,27.2,2018.0,1.0,32.0,32.0,74.0,215.0
00-0034412,Luke Falk,QB,FA,1994-12-28,27.2,2018.0,6.0,25.0,199.0,76.0,215.0
00-0034771,Mason Rudolph,QB,TEN,1995-07-17,28.7,2018.0,3.0,12.0,76.0,77.0,235.0
00-0034401,Mike White,QB,MIA,1995-03-25,29.0,2018.0,5.0,34.0,171.0,77.0,216.0
00-0034131,Kurt Benkert,QB,FA,1995-07-17,27.6,2018.0,,,,76.0,215.0
00-0034844,Saquon Barkley,RB,PHI,1997-02-07,27.1,2018.0,1.0,2.0,2.0,72.0,232.0
00-0034358,Derrius Guice,RB,FA,1997-06-21,26.6,2018.0,2.0,27.0,59.0,71.0,225.0
00-0034816,Ronald Jones,RB,FA,1997-08-03,26.7,2018.0,2.0,6.0,38.0,71.0,208.0
00-0034845,Sony Michel,RB,FA,1995-02-17,29.0,2018.0,1.0,31.0,31.0,71.0,215.0
00-0034750,Rashaad Penny,RB,FA,1996-02-02,28.2,2018.0,1.0,27.0,27.0,71.0,220.0
00-0034791,Nick Chubb,RB,CLE,1995-12-27,28.3,2018.0,2.0,3.0,35.0,71.0,227.0
00-0034457,Josh Adams,RB,FA,1996-10-29,26.3,2018.0,,,,74.0,225.0
00-0034349,Kerryon Johnson,RB,FA,1997-06-30,26.6,2018.0,2.0,11.0,43.0,71.0,211.0
00-0034331,Jaylen Samuels,RB,FA,1996-07-20,27.6,2018.0,5.0,28.0,165.0,72.0,225.0
00-0034109,Phillip Lindsay,RB,FA,1994-07-24,29.5,2018.0,,,,68.0,190.0
00-0034432,Bo Scarbrough,RB,FA,1996-09-29,26.4,2018.0,7.0,18.0,236.0,73.0,235.0
00-0034679,Mark Walton,RB,FA,1997-03-29,24.9,2018.0,4.0,12.0,112.0,70.0,200.0
00-0034838,Royce Freeman,RB,LAR,1996-02-24,28.1,2018.0,3.0,7.0,71.0,72.0,238.0
00-0034808,John Kelly,RB,CLE,1996-10-04,27.5,2018.0,6.0,2.0,176.0,70.0,208.0
00-0034440,Justin Jackson,RB,FA,1995-04-22,28.8,2018.0,7.0,33.0,251.0,72.0,199.0
00-0034799,Kalen Ballage,RB,FA,1995-12-22,28.1,2018.0,4.0,31.0,131.0,74.0,231.0
00-0034367,Nyheim Hines,RB,CLE,1996-11-12,27.4,2018.0,4.0,4.0,104.0,69.0,196.0
00-0034301,Darrel Williams,RB,FA,1995-04-15,29.0,2018.0,,,,71.0,224.0
00-0034837,Calvin Ridley,WR,TEN,1994-12-20,29.3,2018.0,1.0,26.0,26.0,73.0,190.0
00-0034348,Courtland Sutton,WR,DEN,1995-10-10,28.5,2018.0,2.0,8.0,40.0,76.0,216.0
00-0034676,James Washington,WR,FA,1996-04-02,28.0,2018.0,2.0,28.0,60.0,71.0,213.0
00-0034521,Allen Lazard,WR,NYJ,1995-12-11,28.3,2018.0,,,,77.0,227.0
00-0034775,Christian Kirk,WR,JAC,1996-11-18,27.4,2018.0,2.0,15.0,47.0,71.0,200.0
00-0034860,Dante Pettis,WR,CHI,1995-10-23,28.4,2018.0,2.0,12.0,44.0,73.0,195.0
00-0034827,D.J. Moore,WR,CHI,1997-04-14,27.0,2018.0,1.0,24.0,24.0,71.0,210.0
00-0034406,Deon Cain,WR,FA,1996-08-09,26.5,2018.0,6.0,11.0,185.0,74.0,202.0
00-0034279,Equanimeous St. Brown,WR,CHI,1996-09-30,27.5,2018.0,6.0,33.0,207.0,77.0,214.0
00-0034419,Braxton Berrios,WR,MIA,1995-10-06,28.5,2018.0,6.0,36.0,210.0,69.0,185.0
00-0034353,Anthony Miller,WR,FA,1994-10-09,29.5,2018.0,2.0,19.0,51.0,71.0,199.0
00-0034772,Antonio Callaway,WR,FA,1997-01-09,27.1,2018.0,4.0,5.0,105.0,71.0,200.0
00-0034407,Ray-Ray McCloud,WR,ATL,1996-10-15,27.5,2018.0,6.0,13.0,187.0,69.0,190.0
00-0034686,Auden Tate,WR,FA,1997-02-03,27.0,2018.0,7.0,35.0,253.0,77.0,228.0
00-0034426,Javon Wims,WR,FA,1994-09-11,29.4,2018.0,7.0,6.0,224.0,76.0,215.0
00-0034765,Tre'Quan Smith,WR,DET,1996-01-07,28.2,2018.0,3.0,27.0,91.0,73.0,210.0
00-0034764,Michael Gallup,WR,FA,1996-03-04,28.1,2018.0,3.0,17.0,81.0,73.0,198.0
00-0034747,Marcell Ateman,WR,FA,1994-09-16,28.4,2018.0,7.0,10.0,228.0,76.0,215.0
00-0034653,Deontay Burnett,WR,FA,1997-10-04,24.4,2018.0,,,,72.0,186.0
00-0034370,DaeSean Hamilton,WR,FA,1995-03-10,28.0,2018.0,4.0,13.0,113.0,73.0,206.0
00-0034418,Cedrick Wilson,WR,NOS,1995-11-20,28.4,2018.0,6.0,34.0,208.0,74.0,197.0
00-0034510,Robert Foster,WR,FA,1994-05-07,28.8,2018.0,,,,74.0,196.0
00-0034081,Steven Mitchell,WR,FA,1994-05-02,27.8,2018.0,,,,70.0,186.0
00-0034366,Keke Coutee,WR,FA,1997-01-14,27.2,2018.0,4.0,3.0,103.0,71.0,187.0
00-0034267,Jaleel Scott,WR,FA,1995-02-23,27.0,2018.0,4.0,32.0,132.0,77.0,210.0
00-0034339,Trey Quinn,WR,FA,1995-12-07,27.2,2018.0,7.0,38.0,256.0,72.0,200.0
00-0034395,Daurice Fountain,WR,DET,1995-12-22,28.1,2018.0,5.0,22.0,159.0,74.0,210.0
00-0034777,D.J. Chark,WR,CAR,1996-09-23,27.5,2018.0,2.0,29.0,61.0,75.0,200.0
00-0034867,Malik Turner,WR,FA,1996-01-30,28.0,2018.0,,,,74.0,202.0
00-0034753,Mark Andrews,TE,BAL,1995-09-06,28.6,2018.0,3.0,22.0,86.0,77.0,247.0
00-0034829,Mike Gesicki,TE,CIN,1995-10-03,28.5,2018.0,2.0,10.0,42.0,78.0,245.0
00-0034393,Troy Fumagalli,TE,FA,1995-02-17,28.0,2018.0,5.0,19.0,156.0,78.0,248.0
00-0034351,Dallas Goedert,TE,PHI,1995-01-03,29.2,2018.0,2.0,17.0,49.0,77.0,256.0
00-0034439,Tyler Conklin,TE,NYJ,1995-07-30,28.7,2018.0,5.0,20.0,157.0,75.0,254.0
00-0034798,Durham Smythe,TE,MIA,1995-08-09,28.6,2018.0,4.0,23.0,123.0,78.0,246.0
00-0034365,Ian Thomas,TE,CAR,1996-06-06,27.8,2018.0,4.0,1.0,101.0,76.0,260.0
00-0034766,Chris Herndon,TE,FA,1996-02-23,28.0,2018.0,4.0,7.0,107.0,76.0,253.0
00-0034830,Hayden Hurst,TE,LAC,1993-08-24,30.6,2018.0,1.0,25.0,25.0,76.0,245.0
00-0034286,Richie James,WR,KCC,1995-04-05,29.0,2018.0,7.0,22.0,240.0,69.0,185.0
00-0034681,Chase Edmonds,RB,TBB,1996-04-13,28.0,2018.0,4.0,34.0,134.0,69.0,201.0
00-0034364,Jordan Akins,TE,CLE,1992-04-19,31.9,2018.0,3.0,34.0,98.0,76.0,245.0
00-0034159,Will Dissly,TE,LAC,1996-07-08,27.7,2018.0,4.0,20.0,120.0,76.0,265.0
00-0034378,Ito Smith,RB,FA,1995-09-11,27.5,2018.0,4.0,26.0,126.0,69.0,195.0
00-0034383,Dalton Schultz,TE,HOU,1996-07-11,27.7,2018.0,4.0,37.0,137.0,77.0,244.0
00-0034386,Justin Watson,WR,KCC,1995-04-04,29.0,2018.0,5.0,7.0,144.0,74.0,215.0
00-0034400,Jordan Wilkins,RB,FA,1994-07-18,29.6,2018.0,5.0,32.0,169.0,73.0,216.0
00-0034272,Marquez Valdes-Scantling,WR,FA,1994-10-10,29.5,2018.0,5.0,37.0,174.0,76.0,206.0
00-0034273,Damion Ratley,WR,FA,1995-04-16,27.9,2018.0,6.0,1.0,175.0,74.0,200.0
00-0034411,Russell Gage,WR,FA,1996-01-22,28.2,2018.0,6.0,20.0,194.0,72.0,184.0
00-0034414,Boston Scott,RB,PHI,1995-04-27,28.9,2018.0,6.0,27.0,201.0,66.0,203.0
00-0034164,Trenton Cannon,RB,FA,1994-07-23,29.5,2018.0,6.0,30.0,204.0,71.0,185.0
00-0034420,Jordan Thomas,TE,FA,1996-08-02,26.6,2018.0,6.0,37.0,211.0,77.0,277.0
00-0034433,Nick Bawden,RB,NYJ,1996-06-22,27.8,2018.0,7.0,19.0,237.0,74.0,245.0
00-0034438,Logan Woodside,QB,ATL,1995-01-27,29.2,2018.0,7.0,31.0,249.0,74.0,201.0
00-0034270,Ryan Izzo,TE,FA,1995-12-21,27.2,2018.0,7.0,32.0,250.0,77.0,255.0
00-0034597,Ryan Nall,RB,FA,1995-12-27,27.2,2018.0,,,,74.0,232.0
00-0034184,Gus Edwards,RB,LAC,1995-04-13,29.0,2018.0,,,,73.0,238.0
00-0034319,Deon Yelder,TE,FA,1995-03-06,28.0,2018.0,,,,76.0,255.0
00-0034297,Byron Pringle,WR,WAS,1993-11-17,30.4,2018.0,,,,73.0,203.0
00-0034208,Mike Boone,RB,CAR,1995-06-30,28.7,2018.0,,,,70.0,206.0
00-0034253,Dontrell Hilliard,RB,FA,1995-02-26,29.1,2018.0,,,,71.0,202.0
00-0034177,Tim Boyle,QB,HOU,1994-10-03,29.5,2018.0,,,,76.0,232.0
00-0034577,Kyle Allen,QB,PIT,1996-03-08,28.1,2018.0,,,,75.0,210.0
00-0034317,Keith Kirkwood,WR,NOS,1993-12-26,30.3,2018.0,,,,75.0,210.0
00-0034631,Vyncint Smith,WR,FA,1996-06-09,27.7,2018.0,,,,75.0,195.0
00-0034487,Trent Sherfield,WR,MIN,1996-02-26,28.1,2018.0,,,,73.0,205.0
00-0034104,Cam Sims,WR,CAR,1996-01-06,28.2,2018.0,,,,77.0,214.0
00-0034646,Brandon Powell,WR,MIN,1996-09-12,27.5,2018.0,,,,68.0,181.0
00-0034652,Cameron Batson,WR,FA,1995-12-20,27.2,2018.0,,,,68.0,175.0
00-0034449,Buddy Howell,RB,LAR,1996-03-27,26.9,2018.0,,,,73.0,218.0
00-0033455,Anthony Firkser,TE,DET,1995-02-19,29.1,2018.0,,,,74.0,245.0
00-0034201,De'Lance Turner,RB,FA,1995-08-23,25.7,2018.0,,,,71.0,214.0
00-0034654,Dalyn Dawkins,RB,FA,1994-12-26,26.4,2018.0,,,,67.0,183.0
00-0034854,KhaDarel Hodge,WR,ATL,1995-01-03,29.2,2018.0,,,,71.0,183.0
00-0034073,Ross Dwelley,TE,SFO,1995-01-26,29.2,2018.0,,,,77.0,235.0
00-0034256,Da'Mari Scott,WR,FA,1995-08-08,26.6,2018.0,,,,72.0,205.0
00-0034309,Chad Beebe,WR,FA,1994-06-01,28.7,2018.0,,,,70.0,183.0
00-0034614,Godwin Igwebuike,RB,PIT,1994-09-10,29.5,2018.0,,,,72.0,213.0
00-0034115,Jeffery Wilson,RB,MIA,1995-11-16,28.4,2018.0,,,,72.0,210.0
00-0034593,Chris Lacy,WR,FA,1996-01-28,28.0,2018.0,,,,75.0,205.0
00-0034207,Jeff Badet,WR,FA,1994-08-02,27.6,2018.0,,,,71.0,182.0
00-0034132,Christian Blake,WR,FA,1996-06-08,26.7,2018.0,,,,73.0,181.0
00-0034735,Codey McElroy,WR,FA,1992-12-13,30.2,2018.0,,,,78.0,255.0
00-0034575,David Wells,TE,TBB,1995-05-02,28.9,2018.0,,,,78.0,260.0
00-0034192,Nick Keizer,TE,FA,1995-05-02,26.8,2018.0,,,,76.0,251.0
00-0034193,Kevin Rader,TE,TEN,1995-04-26,28.9,2018.0,,,,76.0,250.0
00-0034613,Tanner Hudson,TE,CIN,1994-11-12,29.4,2018.0,,,,77.0,239.0
00-0034788,Jaeden Graham,TE,FA,1995-10-10,27.4,2018.0,,,,76.0,250.0
00-0034169,Marcus Baugh,TE,FA,1994-12-09,27.2,2018.0,,,,76.0,245.0
00-0034672,Ethan Wolf,TE,FA,1995-11-07,27.3,2018.0,,,,77.0,255.0
00-0034660,Rico Gafford,WR,FA,1996-05-23,26.8,2018.0,,,,70.0,185.0
00-0034899,John Wolford,QB,TBB,1995-10-16,28.5,2018.0,,,,73.0,218.0
00-0034311,Johnny Stanton,RB,FA,1994-09-07,28.5,2018.0,,,,74.0,240.0
00-0031787,Jake Kumerow,WR,FA,1992-02-17,32.1,2017.0,,,,76.0,209.0
00-0033537,Deshaun Watson,QB,CLE,1995-09-14,28.5,2017.0,1.0,12.0,12.0,75.0,223.0
00-0033869,Mitchell Trubisky,QB,BUF,1994-08-20,29.6,2017.0,1.0,2.0,2.0,74.0,220.0
00-0033873,Patrick Mahomes,QB,KCC,1995-09-17,28.5,2017.0,1.0,10.0,10.0,74.0,225.0
00-0033949,Joshua Dobbs,QB,SFO,1995-01-26,29.2,2017.0,4.0,27.0,135.0,75.0,216.0
00-0033550,Davis Webb,QB,FA,1995-01-22,29.0,2017.0,3.0,23.0,87.0,77.0,225.0
00-0033662,Cooper Rush,QB,DAL,1993-11-21,30.4,2017.0,,,,75.0,225.0
00-0033936,C.J. Beathard,QB,JAC,1993-11-16,30.4,2017.0,3.0,40.0,104.0,74.0,215.0
00-0033958,Nathan Peterman,QB,NOS,1994-05-04,29.9,2017.0,5.0,27.0,171.0,74.0,225.0
00-0033893,Dalvin Cook,RB,BAL,1995-08-10,28.6,2017.0,2.0,9.0,41.0,70.0,210.0
00-0033856,Leonard Fournette,RB,FA,1995-01-18,29.2,2017.0,1.0,4.0,4.0,72.0,228.0
00-0033280,Christian McCaffrey,RB,SFO,1996-06-07,27.8,2017.0,1.0,8.0,8.0,71.0,205.0
00-0033897,Joe Mixon,RB,HOU,1996-07-24,27.7,2017.0,2.0,16.0,48.0,73.0,220.0
00-0033906,Alvin Kamara,RB,NOS,1995-07-25,28.7,2017.0,3.0,3.0,67.0,70.0,215.0
00-0033526,Samaje Perine,RB,DEN,1995-09-16,28.5,2017.0,4.0,7.0,114.0,70.0,236.0
00-0033925,D'Onta Foreman,RB,CLE,1996-04-24,27.9,2017.0,3.0,25.0,89.0,72.0,235.0
00-0033950,Wayne Gallman,RB,FA,1994-10-01,29.4,2017.0,4.0,32.0,140.0,72.0,217.0
00-0033725,Corey Clement,RB,ARI,1994-11-02,29.4,2017.0,,,,70.0,220.0
00-0033923,Kareem Hunt,RB,CLE,1995-08-06,28.6,2017.0,3.0,22.0,86.0,71.0,216.0
00-0033948,Jamaal Williams,RB,NOS,1995-04-03,29.0,2017.0,4.0,26.0,134.0,72.0,224.0
00-0033789,T.J. Logan,RB,FA,1994-09-03,27.5,2017.0,5.0,35.0,179.0,71.0,195.0
00-0033955,Jeremy McNichols,RB,FA,1995-12-26,28.3,2017.0,5.0,18.0,162.0,69.0,205.0
00-0033553,James Conner,RB,ARI,1995-05-05,28.9,2017.0,3.0,41.0,105.0,73.0,233.0
00-0033854,Dare Ogunbowale,RB,HOU,1994-05-04,29.9,2017.0,,,,71.0,205.0
00-0033871,Corey Davis,WR,FA,1995-01-11,29.2,2017.0,1.0,5.0,5.0,75.0,209.0
00-0033536,Mike Williams,WR,NYJ,1994-10-04,29.5,2017.0,1.0,7.0,7.0,76.0,218.0
00-0033460,John Ross,WR,FA,1995-11-27,28.2,2017.0,1.0,9.0,9.0,71.0,190.0
00-0033857,JuJu Smith-Schuster,WR,NEP,1996-11-22,27.3,2017.0,2.0,30.0,62.0,73.0,215.0
00-0033282,Curtis Samuel,WR,BUF,1996-08-11,27.6,2017.0,2.0,8.0,40.0,71.0,195.0
00-0033839,Dede Westbrook,WR,FA,1993-11-21,30.2,2017.0,4.0,3.0,110.0,72.0,178.0
00-0033471,Isaiah Ford,WR,FA,1996-02-09,27.0,2017.0,7.0,19.0,237.0,74.0,194.0
00-0033921,Chris Godwin,WR,TBB,1996-02-27,28.1,2017.0,3.0,20.0,84.0,73.0,209.0
00-0033908,Cooper Kupp,WR,LAR,1993-06-15,30.8,2017.0,3.0,5.0,69.0,74.0,208.0
00-0033562,Ryan Switzer,WR,FA,1994-11-04,28.3,2017.0,4.0,25.0,133.0,68.0,185.0
00-0033911,Taywan Taylor,WR,FA,1995-03-02,28.0,2017.0,3.0,8.0,72.0,71.0,203.0
00-0033943,Josh Reynolds,WR,DEN,1995-02-16,29.1,2017.0,4.0,10.0,117.0,75.0,194.0
00-0033591,Noah Brown,WR,HOU,1997-07-19,26.7,2017.0,7.0,21.0,239.0,74.0,215.0
00-0033891,Zay Jones,WR,JAC,1995-03-30,29.0,2017.0,2.0,5.0,37.0,74.0,200.0
00-0033474,Gehrig Dieter,WR,FA,1993-02-24,30.0,2017.0,,,,75.0,207.0
00-0033840,Chad Hansen,WR,FA,1995-01-18,28.1,2017.0,4.0,33.0,141.0,74.0,202.0
00-0033879,O.J. Howard,TE,FA,1994-11-19,29.4,2017.0,1.0,19.0,19.0,78.0,251.0
00-0033881,Evan Engram,TE,JAC,1994-09-02,29.6,2017.0,1.0,23.0,23.0,75.0,240.0
00-0033564,Jake Butt,TE,FA,1995-07-11,26.6,2017.0,5.0,1.0,145.0,78.0,250.0
00-0033885,David Njoku,TE,CLE,1996-07-10,27.7,2017.0,1.0,29.0,29.0,76.0,246.0
00-0033858,Jonnu Smith,TE,MIA,1995-08-22,28.6,2017.0,3.0,36.0,100.0,75.0,248.0
00-0033528,Jeremy Sprinkle,TE,FA,1994-08-10,28.5,2017.0,5.0,10.0,154.0,77.0,255.0
00-0033951,Marlon Mack,RB,ARI,1996-03-07,28.1,2017.0,4.0,35.0,143.0,71.0,210.0
00-0033859,Josh Malone,WR,FA,1996-03-21,26.9,2017.0,4.0,20.0,128.0,75.0,205.0
00-0033895,Gerald Everett,TE,CHI,1994-06-25,29.8,2017.0,2.0,12.0,44.0,75.0,250.0
00-0033530,Robert Davis,WR,FA,1995-04-02,26.1,2017.0,6.0,25.0,209.0,75.0,210.0
00-0033567,Brian Hill,RB,FA,1995-11-09,27.3,2017.0,5.0,12.0,156.0,73.0,219.0
00-0033217,Mo Alie-Cox,TE,IND,1993-09-19,30.5,2017.0,,,,77.0,267.0
00-0033896,Adam Shaheen,TE,FA,1994-01-01,30.1,2017.0,2.0,13.0,45.0,78.0,270.0
00-0033932,Kenny Golladay,WR,FA,1993-11-03,30.4,2017.0,3.0,31.0,96.0,76.0,214.0
00-0033933,Chad Williams,WR,FA,1994-10-19,28.4,2017.0,3.0,34.0,98.0,74.0,204.0
00-0033555,Mack Hollins,WR,BUF,1993-09-16,30.5,2017.0,4.0,11.0,118.0,76.0,221.0
00-0033556,Tarik Cohen,RB,CAR,1995-07-26,28.7,2017.0,4.0,12.0,119.0,66.0,181.0
00-0033288,George Kittle,TE,SFO,1993-10-09,30.5,2017.0,5.0,2.0,146.0,76.0,250.0
00-0033572,Jamal Agnew,WR,JAC,1995-04-03,29.0,2017.0,5.0,21.0,165.0,70.0,190.0
00-0033957,Rodney Adams,WR,FA,1994-09-15,29.4,2017.0,5.0,26.0,170.0,73.0,189.0
00-0033466,Isaiah McKenzie,WR,NYG,1995-04-09,29.0,2017.0,5.0,28.0,172.0,68.0,173.0
00-0033576,Eric Saubert,TE,HOU,1994-05-01,29.9,2017.0,5.0,30.0,174.0,77.0,253.0
00-0033292,Trent Taylor,WR,CHI,1994-04-30,29.9,2017.0,5.0,33.0,177.0,68.0,178.0
00-0033293,Aaron Jones,RB,MIN,1994-12-02,29.3,2017.0,5.0,38.0,182.0,69.0,208.0
00-0033296,Alexander Armah,RB,WAS,1994-05-17,29.9,2017.0,6.0,8.0,192.0,73.0,255.0
00-0033589,David Moore,WR,CAR,1995-01-15,29.2,2017.0,7.0,8.0,226.0,72.0,219.0
00-0033594,Chris Carson,RB,FA,1994-09-16,29.4,2017.0,7.0,31.0,249.0,71.0,222.0
00-0033798,Mason Schreck,TE,FA,1993-11-04,30.3,2017.0,7.0,33.0,251.0,77.0,252.0
00-0033382,Austin Carr,WR,FA,1993-12-25,28.2,2017.0,,,,73.0,195.0
00-0033338,Cethan Carter,TE,FA,1993-09-05,30.4,2017.0,,,,75.0,248.0
00-0033604,Krishawn Hogan,WR,FA,1995-05-12,26.8,2017.0,,,,75.0,217.0
00-0033633,Tanner Gentry,WR,FA,1994-12-18,29.1,2017.0,,,,74.0,209.0
00-0033375,Tim Patrick,WR,DEN,1993-11-23,30.3,2017.0,,,,76.0,212.0
00-0033308,Matt Breida,RB,NYG,1995-02-28,29.1,2017.0,,,,70.0,195.0
00-0033611,Ricky Seals-Jones,TE,FA,1995-03-15,29.0,2017.0,,,,77.0,243.0
00-0033387,Jacob Hollister,TE,FA,1993-11-18,30.2,2017.0,,,,76.0,245.0
00-0033699,Austin Ekeler,RB,WAS,1995-05-17,28.9,2017.0,,,,70.0,200.0
00-0033742,Tyrone Swoopes,TE,WAS,1994-11-14,27.3,2017.0,,,,76.0,254.0
00-0033681,Keelan Cole,WR,FA,1993-04-20,30.9,2017.0,,,,73.0,194.0
00-0033275,P.J. Walker,QB,CLE,1995-02-26,29.1,2017.0,,,,71.0,215.0
00-0033307,Kendrick Bourne,WR,NEP,1995-08-04,28.7,2017.0,,,,73.0,205.0
00-0033357,Taysom Hill,QB,NOS,1990-08-23,33.6,2017.0,,,,74.0,221.0
00-0033757,Robert Tonyan,TE,CHI,1994-04-30,29.9,2017.0,,,,77.0,240.0
00-0033696,Sean Culkin,TE,FA,1993-06-11,28.7,2017.0,,,,77.0,255.0
00-0033421,Antony Auclair,TE,FA,1993-05-28,29.7,2017.0,,,,78.0,256.0
00-0033838,Trey Edmunds,RB,FA,1994-12-30,28.2,2017.0,,,,74.0,223.0
00-0033376,Patrick Ricard,RB,BAL,1994-05-27,29.8,2017.0,,,,75.0,305.0
00-0033251,Zach Pascal,WR,ARI,1994-12-18,29.3,2017.0,,,,74.0,215.0
00-0033481,Marcus Kemp,WR,FA,1995-08-14,28.5,2017.0,,,,76.0,210.0
00-0033434,Bobo Wilson,WR,FA,1995-01-25,26.3,2017.0,,,,69.0,186.0
00-0033658,Blake Jarwin,TE,FA,1994-07-16,29.6,2017.0,,,,77.0,260.0
00-0033386,Cody Hollister,WR,TEN,1993-11-18,30.2,2017.0,,,,76.0,220.0
00-0034054,River Cracraft,WR,MIA,1994-11-01,29.4,2017.0,,,,72.0,198.0
00-0033733,Greg Ward,WR,FA,1995-07-12,28.7,2017.0,,,,71.0,190.0
00-0033367,C.J. Board,WR,FA,1993-12-12,30.2,2017.0,,,,73.0,181.0
00-0034011,Dan Arnold,TE,FA,1995-03-15,29.0,2017.0,,,,78.0,240.0
00-0033627,Jason Croom,TE,FA,1994-02-28,29.0,2017.0,,,,77.0,246.0
00-0033374,Ricky Ortiz,RB,NOS,1994-04-15,27.1,2017.0,,,,72.0,230.0
00-0033246,Johnny Mundt,TE,MIN,1994-11-23,29.3,2017.0,,,,76.0,233.0
00-0033319,Nick Mullens,QB,MIN,1995-03-21,29.0,2017.0,,,,72.0,210.0
00-0033439,Pharaoh Brown,TE,SEA,1994-05-04,29.9,2017.0,,,,77.0,246.0
00-0033215,Cyril Grayson,WR,FA,1993-12-05,29.2,2017.0,,,,71.0,178.0
00-0033994,Fred Brown,WR,FA,1993-12-01,28.2,2017.0,,,,73.0,195.0
00-0033705,Andre Patton,WR,FA,1994-05-28,26.9,2017.0,,,,74.0,200.0
00-0034034,Rashard Davis,WR,TEN,1995-09-14,25.6,2017.0,,,,69.0,175.0
00-0033720,Colin Thompson,TE,FA,1993-12-15,29.2,2017.0,,,,76.0,255.0
00-0032950,Carson Wentz,QB,LAR,1992-12-30,31.2,2016.0,1.0,2.0,2.0,77.0,237.0
00-0033106,Jared Goff,QB,DET,1994-10-14,29.5,2016.0,1.0,1.0,1.0,76.0,217.0
00-0033119,Jacoby Brissett,QB,NEP,1992-12-11,31.3,2016.0,3.0,28.0,91.0,76.0,235.0
00-0033077,Dak Prescott,QB,DAL,1993-07-29,30.7,2016.0,4.0,37.0,135.0,74.0,238.0
00-0032434,Brandon Allen,QB,SFO,1992-09-05,31.6,2016.0,6.0,26.0,201.0,74.0,209.0
00-0032436,Jeff Driskel,QB,CLE,1993-04-23,30.9,2016.0,6.0,32.0,207.0,76.0,235.0
00-0033045,Ezekiel Elliott,RB,NEP,1995-07-22,28.7,2016.0,1.0,4.0,4.0,72.0,225.0
00-0032764,Derrick Henry,RB,BAL,1994-01-04,30.2,2016.0,2.0,14.0,45.0,75.0,247.0
00-0032393,C.J. Prosise,RB,FA,1994-05-20,28.8,2016.0,3.0,27.0,90.0,73.0,225.0
00-0032426,Alex Collins,RB,FA,1994-08-26,29.5,2016.0,5.0,34.0,171.0,70.0,208.0
00-0032972,Devontae Booker,RB,FA,1992-05-27,31.7,2016.0,4.0,38.0,136.0,71.0,219.0
00-0033118,Kenyan Drake,RB,GBP,1994-01-26,30.2,2016.0,3.0,10.0,73.0,73.0,210.0
00-0032417,Paul Perkins,RB,FA,1994-11-16,27.3,2016.0,5.0,10.0,149.0,71.0,208.0
00-0032780,Jordan Howard,RB,FA,1994-11-02,29.3,2016.0,5.0,11.0,150.0,72.0,224.0
00-0032975,Jonathan Williams,RB,FA,1994-02-02,30.2,2016.0,5.0,18.0,156.0,72.0,217.0
00-0032782,Wendell Smallwood,RB,FA,1994-01-26,29.1,2016.0,5.0,14.0,153.0,70.0,208.0
00-0032741,Peyton Barber,RB,FA,1994-06-27,29.6,2016.0,,,,71.0,225.0
00-0032404,Tyler Ervin,RB,FA,1993-10-07,28.4,2016.0,4.0,21.0,119.0,70.0,185.0
00-0032377,Josh Ferguson,RB,FA,1993-05-23,28.0,2016.0,,,,70.0,205.0
00-0032951,Laquon Treadwell,WR,FA,1995-06-14,28.8,2016.0,1.0,23.0,23.0,74.0,215.0
00-0033127,Will Fuller,WR,FA,1994-04-16,30.0,2016.0,1.0,21.0,21.0,72.0,184.0
00-0033009,Tyler Boyd,WR,CIN,1994-11-15,29.4,2016.0,2.0,24.0,55.0,74.0,203.0
00-0032765,Michael Thomas,WR,FA,1993-03-03,31.1,2016.0,2.0,16.0,47.0,75.0,212.0
00-0032977,Rashard Higgins,WR,FA,1994-10-07,29.3,2016.0,5.0,35.0,172.0,73.0,198.0
00-0032778,Tajae Sharpe,WR,FA,1994-12-23,29.1,2016.0,5.0,1.0,140.0,74.0,194.0
00-0032385,Sterling Shepard,WR,NYG,1993-02-10,31.1,2016.0,2.0,9.0,40.0,70.0,198.0
00-0033111,Pharoh Cooper,WR,FA,1995-03-07,28.9,2016.0,4.0,19.0,117.0,71.0,208.0
00-0032626,Geronimo Allison,WR,FA,1994-01-18,30.1,2016.0,,,,75.0,202.0
00-0033114,Mike Thomas,WR,FA,1994-08-16,29.5,2016.0,6.0,31.0,206.0,73.0,200.0
00-0033090,Hunter Henry,TE,NEP,1994-12-07,29.3,2016.0,2.0,4.0,35.0,77.0,258.0
00-0032392,Austin Hooper,TE,NEP,1994-10-29,29.4,2016.0,3.0,18.0,81.0,76.0,254.0
00-0033110,Tyler Higbee,TE,LAR,1993-01-01,31.2,2016.0,4.0,12.0,110.0,78.0,255.0
00-0032394,Nick Vannett,TE,LAC,1993-03-06,31.1,2016.0,3.0,31.0,94.0,77.0,257.0
00-0032599,Joshua Perkins,TE,FA,1993-08-05,28.6,2016.0,,,,75.0,223.0
00-0032398,Chris Moore,WR,ARI,1993-06-16,30.8,2016.0,4.0,9.0,107.0,73.0,200.0
00-0032775,Demarcus Robinson,WR,LAR,1994-09-21,29.5,2016.0,4.0,28.0,126.0,73.0,203.0
00-0033080,Seth DeValve,TE,FA,1993-01-29,29.1,2016.0,4.0,40.0,138.0,75.0,245.0
00-0032423,Trevor Davis,WR,FA,1993-07-04,28.6,2016.0,5.0,26.0,163.0,73.0,188.0
00-0033040,Tyreek Hill,WR,MIA,1994-03-01,30.1,2016.0,5.0,28.0,165.0,70.0,191.0
00-0032956,Andy Janovich,RB,FA,1993-05-23,29.8,2016.0,6.0,1.0,176.0,73.0,238.0
00-0033112,Temarrick Hemingway,TE,FA,1993-07-30,29.6,2016.0,6.0,2.0,177.0,77.0,245.0
00-0032791,Jakeem Grant,WR,CLE,1992-10-30,31.4,2016.0,6.0,11.0,186.0,66.0,170.0
00-0032792,Nate Sudfeld,QB,DET,1993-10-07,30.5,2016.0,6.0,12.0,187.0,78.0,230.0
00-0032794,Dan Vitale,RB,FA,1993-10-26,28.3,2016.0,6.0,22.0,,74.0,239.0
00-0032897,Derek Watt,RB,FA,1992-11-07,31.3,2016.0,6.0,23.0,198.0,74.0,234.0
00-0032795,Cody Core,WR,MIA,1994-04-17,27.9,2016.0,6.0,24.0,199.0,75.0,205.0
00-0032450,Dwayne Washington,RB,DEN,1994-04-24,29.9,2016.0,7.0,15.0,236.0,73.0,223.0
00-0032940,DeAndre Washington,RB,FA,1993-02-22,30.0,2016.0,5.0,4.0,143.0,68.0,210.0
00-0032725,Stephen Anderson,TE,FA,1993-01-30,31.2,2016.0,,,,75.0,230.0
00-0032661,Ben Braunecker,TE,FA,1994-02-07,27.2,2016.0,,,,76.0,252.0
00-0032577,D.J. Foster,RB,FA,1993-11-22,28.3,2016.0,,,,72.0,205.0
00-0032728,Tevin Jones,WR,FA,1992-12-26,28.4,2016.0,,,,74.0,225.0
00-0033025,Jalen Richard,RB,FA,1993-10-15,30.3,2016.0,,,,68.0,205.0
00-0032543,Alex Erickson,WR,LAC,1992-11-06,31.4,2016.0,,,,72.0,195.0
00-0032935,Johnny Holton,WR,FA,1991-08-22,30.5,2016.0,,,,75.0,190.0
00-0032881,Tommylee Lewis,WR,FA,1992-10-24,29.3,2016.0,,,,67.0,168.0
00-0032918,C.J. Ham,RB,MIN,1993-07-22,30.7,2016.0,,,,71.0,250.0
00-0033164,Troymaine Pope,RB,FA,1993-11-29,29.2,2016.0,,,,68.0,205.0
00-0032688,Robbie Chosen,WR,MIA,1993-05-09,30.9,2016.0,,,,75.0,185.0
00-0032355,Chester Rogers,WR,FA,1994-01-12,30.1,2016.0,,,,72.0,184.0
00-0031484,Chris Manhertz,TE,NYG,1992-04-10,32.0,2016.0,,,,78.0,235.0
00-0032540,Tra Carson,RB,FA,1992-10-24,28.5,2016.0,,,,71.0,228.0
00-0032464,Kalif Raymond,WR,DET,1994-08-08,29.6,2016.0,,,,68.0,180.0
00-0032602,J.D. McKissic,RB,FA,1993-10-15,30.5,2016.0,,,,70.0,195.0
00-0032813,Elijhaa Penny,RB,FA,1993-08-17,29.5,2016.0,,,,73.0,250.0
00-0032980,Marcus Johnson,WR,FA,1994-08-05,29.5,2016.0,,,,73.0,207.0
00-0033258,Darrell Daniels,TE,FA,1994-11-22,29.2,2016.0,,,,75.0,256.0
00-0033094,Marvin Hall,WR,FA,1993-04-10,29.9,2016.0,,,,70.0,190.0
00-0033006,Jaydon Mickens,WR,FA,1994-04-21,29.8,2016.0,,,,71.0,170.0
00-0033266,JoJo Natson,WR,FA,1994-02-01,29.1,2016.0,,,,67.0,153.0
00-0033095,Garrett Griffin,TE,FA,1994-03-04,29.0,2016.0,,,,76.0,240.0
00-0032986,J.P. Holtz,TE,FA,1993-08-28,30.5,2016.0,,,,75.0,255.0
00-0031503,Jameis Winston,QB,CLE,1994-01-06,30.2,2015.0,1.0,1.0,1.0,76.0,231.0
00-0032268,Marcus Mariota,QB,WAS,1993-10-30,30.4,2015.0,1.0,2.0,2.0,76.0,222.0
00-0031589,Brett Hundley,QB,FA,1993-06-15,29.7,2015.0,5.0,11.0,147.0,75.0,226.0
00-0032245,Sean Mannion,QB,FA,1992-04-25,31.8,2015.0,3.0,25.0,89.0,78.0,230.0
00-0032241,Todd Gurley,RB,FA,1994-08-03,29.5,2015.0,1.0,10.0,10.0,73.0,227.0
00-0032144,Melvin Gordon,RB,FA,1993-04-13,31.0,2015.0,1.0,15.0,15.0,73.0,215.0
00-0032058,Tevin Coleman,RB,FA,1993-04-16,31.0,2015.0,3.0,9.0,73.0,73.0,210.0
00-0032209,T.J. Yeldon,RB,FA,1993-10-02,29.4,2015.0,2.0,4.0,36.0,73.0,223.0
00-0031590,Jay Ajayi,RB,FA,1993-06-15,28.7,2015.0,5.0,13.0,149.0,72.0,223.0
00-0032104,Ameer Abdullah,RB,LVR,1993-06-13,30.8,2015.0,2.0,22.0,54.0,69.0,203.0
00-0032257,Duke Johnson,RB,FA,1993-09-23,30.4,2015.0,3.0,13.0,77.0,69.0,210.0
00-0031577,Javorius Allen,RB,FA,1991-08-27,29.7,2015.0,4.0,26.0,125.0,72.0,218.0
00-0032063,Mike Davis,RB,FA,1993-02-19,31.1,2015.0,4.0,27.0,126.0,69.0,217.0
00-0032187,David Johnson,RB,FA,1991-12-16,32.2,2015.0,3.0,22.0,86.0,73.0,224.0
00-0031544,Amari Cooper,WR,CLE,1994-06-18,29.8,2015.0,1.0,4.0,4.0,73.0,211.0
00-0031547,DeVante Parker,WR,PHI,1993-01-20,31.2,2015.0,1.0,14.0,14.0,75.0,215.0
00-0031545,Kevin White,WR,FA,1992-06-25,31.6,2015.0,1.0,7.0,7.0,75.0,216.0
00-0031549,Nelson Agholor,WR,BAL,1993-05-24,30.8,2015.0,1.0,20.0,20.0,72.0,200.0
00-0031934,Devin Smith,WR,FA,1992-03-03,31.0,2015.0,2.0,5.0,37.0,73.0,205.0
00-0031941,Jamison Crowder,WR,WAS,1993-06-17,30.8,2015.0,4.0,6.0,105.0,69.0,177.0
00-0031570,Justin Hardy,WR,FA,1991-12-18,30.2,2015.0,4.0,8.0,107.0,70.0,192.0
00-0031588,Stefon Diggs,WR,BUF,1993-11-29,30.3,2015.0,5.0,10.0,146.0,72.0,191.0
00-0032211,Tyler Lockett,WR,SEA,1992-09-28,31.5,2015.0,3.0,5.0,69.0,70.0,182.0
00-0032208,Phillip Dorsett,WR,DEN,1993-01-05,31.2,2015.0,1.0,29.0,29.0,70.0,192.0
00-0032054,Breshad Perriman,WR,FA,1993-09-10,30.5,2015.0,1.0,26.0,26.0,74.0,215.0
00-0032055,Devin Funchess,TE,FA,1994-05-21,28.8,2015.0,2.0,9.0,41.0,76.0,225.0
00-0031558,Maxx Williams,TE,FA,1994-04-12,29.8,2015.0,2.0,23.0,55.0,76.0,252.0
00-0032117,Nick O'Leary,TE,LVR,1992-08-31,28.7,2015.0,6.0,18.0,194.0,75.0,252.0
00-0032227,Jeff Heuerman,TE,FA,1992-11-24,29.3,2015.0,3.0,28.0,92.0,77.0,255.0
00-0032139,Ben Koyack,TE,FA,1993-04-09,28.1,2015.0,7.0,12.0,229.0,77.0,258.0
00-0032256,Clive Walford,TE,FA,1991-10-21,29.5,2015.0,3.0,4.0,68.0,76.0,252.0
00-0032135,Jesse James,TE,FA,1994-06-04,29.7,2015.0,5.0,24.0,160.0,79.0,261.0
00-0032214,Tyler Kroft,TE,MIA,1992-10-15,31.5,2015.0,3.0,21.0,85.0,78.0,252.0
00-0032062,Blake Bell,TE,KCC,1991-08-07,32.6,2015.0,4.0,18.0,117.0,78.0,252.0
00-0032128,Chris Conley,WR,SFO,1992-10-25,31.4,2015.0,3.0,12.0,76.0,75.0,205.0
00-0032200,Ty Montgomery,RB,FA,1993-01-22,31.2,2015.0,3.0,30.0,94.0,72.0,220.0
00-0031610,Darren Waller,TE,NYG,1992-09-13,31.5,2015.0,6.0,28.0,204.0,78.0,238.0
00-0031665,Zach Zenner,RB,FA,1991-09-13,29.7,2015.0,,,,71.0,224.0
00-0031585,MyCole Pruitt,TE,ATL,1992-03-24,32.0,2015.0,5.0,7.0,143.0,74.0,245.0
00-0032134,C.J. Uzomah,TE,FA,1993-01-14,31.2,2015.0,5.0,21.0,157.0,77.0,271.0
00-0032112,J.J. Nelson,WR,FA,1992-04-24,30.8,2015.0,5.0,23.0,159.0,70.0,160.0
00-0031595,Michael Burton,RB,DEN,1992-02-01,32.2,2015.0,5.0,32.0,168.0,72.0,247.0
00-0031598,Nick Boyle,TE,FA,1993-02-17,31.1,2015.0,5.0,35.0,171.0,76.0,270.0
00-0031951,James O'Shaughnessy,TE,FA,1992-01-14,32.1,2015.0,5.0,37.0,173.0,76.0,245.0
00-0031953,Geremy Davis,WR,FA,1992-01-10,29.3,2015.0,6.0,10.0,186.0,75.0,211.0
00-0032141,Geoff Swaim,TE,ARI,1993-09-16,30.5,2015.0,7.0,29.0,246.0,76.0,260.0
00-0032156,Trevor Siemian,QB,NYJ,1991-12-26,32.3,2015.0,7.0,33.0,250.0,75.0,220.0
00-0031806,Malcolm Brown,RB,FA,1993-05-15,30.9,2015.0,,,,71.0,222.0
00-0032160,Tyrell Williams,WR,FA,1992-02-12,32.0,2015.0,,,,76.0,205.0
00-0031763,DeAndre Carter,WR,LVR,1993-04-10,31.0,2015.0,,,,68.0,190.0
00-0031511,DeAndrew White,WR,FA,1991-10-16,30.4,2015.0,,,,72.0,195.0
00-0031687,Raheem Mostert,RB,MIA,1992-04-09,32.0,2015.0,,,,70.0,205.0
00-0031868,Damiere Byrd,WR,FA,1993-01-27,31.2,2015.0,,,,69.0,175.0
00-0031800,Taylor Heinicke,QB,ATL,1993-03-15,31.0,2015.0,,,,73.0,210.0
00-0032009,Adam Humphries,WR,FA,1993-06-24,30.6,2015.0,,,,71.0,195.0
00-0032098,Daniel Brown,TE,FA,1992-05-26,31.7,2015.0,,,,77.0,247.0
00-0031972,Darius Jennings,WR,FA,1992-06-28,28.9,2015.0,,,,70.0,180.0
00-0031744,Matt LaCosse,TE,FA,1992-09-21,30.4,2015.0,,,,78.0,255.0
00-0032319,Ross Travis,TE,FA,1993-01-09,30.1,2015.0,,,,78.0,248.0
00-0031690,Eric Tomlinson,TE,IND,1992-04-22,31.9,2015.0,,,,78.0,265.0
00-0031237,Teddy Bridgewater,QB,FA,1992-10-10,31.5,2014.0,1.0,32.0,32.0,74.0,212.0
00-0031407,Blake Bortles,QB,FA,1991-12-16,31.2,2014.0,1.0,3.0,3.0,77.0,236.0
00-0031288,A.J. McCarron,QB,FA,1990-09-13,33.5,2014.0,5.0,24.0,164.0,75.0,220.0
00-0031280,Derek Carr,QB,NOS,1991-03-28,33.0,2014.0,2.0,4.0,36.0,75.0,215.0
00-0031260,Logan Thomas,TE,FA,1991-07-01,32.7,2014.0,4.0,20.0,120.0,78.0,250.0
00-0031045,Carlos Hyde,RB,FA,1990-09-20,33.4,2014.0,2.0,25.0,57.0,72.0,229.0
00-0031060,De'Anthony Thomas,WR,FA,1993-01-05,28.3,2014.0,4.0,24.0,124.0,68.0,176.0
00-0031285,Devonta Freeman,RB,FA,1992-03-15,31.9,2014.0,4.0,3.0,103.0,68.0,206.0
00-0031325,Sammy Watkins,WR,FA,1993-06-14,30.8,2014.0,1.0,4.0,4.0,73.0,211.0
00-0031408,Mike Evans,WR,TBB,1993-08-21,30.6,2014.0,1.0,7.0,7.0,77.0,231.0
00-0031431,Marqise Lee,WR,FA,1991-11-25,31.2,2014.0,2.0,7.0,39.0,72.0,196.0
00-0031236,Brandin Cooks,WR,DAL,1993-09-25,30.5,2014.0,1.0,20.0,20.0,70.0,189.0
00-0031381,Davante Adams,WR,LVR,1992-12-24,31.3,2014.0,2.0,21.0,53.0,73.0,215.0
00-0031299,Jordan Matthews,WR,CAR,1992-07-16,31.7,2014.0,2.0,10.0,42.0,75.0,212.0
00-0031339,Donte Moncrief,WR,FA,1993-08-06,29.6,2014.0,3.0,26.0,90.0,74.0,216.0
00-0031428,Allen Robinson,WR,FA,1993-08-24,30.6,2014.0,2.0,29.0,61.0,74.0,220.0
00-0031235,Odell Beckham,WR,FA,1992-11-05,31.4,2014.0,1.0,12.0,12.0,71.0,200.0
00-0031382,Jarvis Landry,WR,FA,1992-11-28,31.3,2014.0,2.0,31.0,63.0,71.0,196.0
00-0031257,Paul Richardson,WR,FA,1992-04-13,29.9,2014.0,2.0,13.0,45.0,72.0,183.0
00-0031189,T.J. Jones,WR,FA,1992-07-19,28.8,2014.0,6.0,13.0,189.0,72.0,190.0
00-0031387,Eric Ebron,TE,FA,1993-04-10,30.8,2014.0,1.0,10.0,10.0,76.0,253.0
00-0031035,Xavier Grimble,TE,FA,1992-09-02,28.7,2014.0,,,,76.0,261.0
00-0030710,Trey Burton,TE,FA,1991-10-29,31.3,2014.0,,,,75.0,235.0
00-0031062,James White,RB,FA,1992-02-03,32.0,2014.0,4.0,30.0,130.0,70.0,205.0
00-0031344,Cody Latimer,WR,FA,1992-10-10,29.4,2014.0,2.0,24.0,56.0,73.0,222.0
00-0031345,Jimmy Garoppolo,QB,LAR,1991-11-02,32.4,2014.0,2.0,30.0,62.0,74.0,225.0
00-0031376,Jerick McKinnon,RB,KCC,1992-05-03,31.9,2014.0,3.0,32.0,96.0,69.0,209.0
00-0031051,John Brown,WR,FA,1990-04-03,33.9,2014.0,3.0,27.0,91.0,71.0,178.0
00-0031384,Richard Rodgers,TE,FA,1992-01-22,32.0,2014.0,3.0,34.0,98.0,76.0,257.0
00-0031068,Ryan Grant,WR,FA,1990-12-19,30.4,2014.0,5.0,2.0,142.0,72.0,195.0
00-0031076,David Fales,QB,FA,1990-10-04,30.6,2014.0,6.0,7.0,183.0,74.0,210.0
00-0031023,Quincy Enunwa,WR,FA,1992-05-31,30.7,2014.0,6.0,33.0,209.0,74.0,225.0
00-0031395,Garrett Gilbert,QB,FA,1991-07-01,31.7,2014.0,6.0,38.0,214.0,76.0,230.0
00-0030874,Damien Williams,RB,ARI,1992-04-03,32.0,2014.0,,,,71.0,221.0
00-0030669,Albert Wilson,WR,FA,1992-07-12,31.6,2014.0,,,,69.0,195.0
00-0030821,Allen Hurns,WR,FA,1991-11-21,31.3,2014.0,,,,73.0,195.0
00-0030670,Bennie Fowler,WR,FA,1991-06-10,30.7,2014.0,,,,73.0,212.0
00-0030035,Adam Thielen,WR,CAR,1990-08-22,33.6,2014.0,,,,74.0,195.0
00-0030663,Willie Snead,WR,SFO,1992-10-17,31.4,2014.0,,,,71.0,195.0
00-0031209,Senorise Perry,RB,FA,1991-09-19,30.4,2014.0,,,,72.0,210.0
00-0031228,Taylor Gabriel,WR,FA,1991-02-17,31.0,2014.0,,,,68.0,165.0
00-0030968,Keith Smith,RB,ATL,1992-04-08,32.0,2014.0,,,,72.0,240.0
00-0031273,Cameron Brate,TE,FA,1991-07-03,32.7,2014.0,,,,77.0,245.0
00-0031167,Scott Simonson,TE,FA,1992-04-13,29.1,2014.0,,,,77.0,261.0
00-0031166,Seth Roberts,WR,FA,1991-02-22,31.0,2014.0,,,,74.0,195.0
00-0031319,Diontae Spencer,WR,FA,1992-03-19,31.9,2014.0,,,,68.0,170.0
00-0030741,Roosevelt Nix,RB,FA,1992-03-30,29.1,2014.0,,,,71.0,248.0
00-0030565,Geno Smith,QB,SEA,1990-10-10,33.5,2013.0,2.0,7.0,39.0,75.0,221.0
00-0030533,Matt Barkley,QB,JAC,1990-09-08,33.6,2013.0,4.0,1.0,98.0,74.0,227.0
00-0030520,Mike Glennon,QB,FA,1989-12-12,34.2,2013.0,3.0,11.0,73.0,79.0,225.0
00-0030151,Tyler Bray,QB,FA,1991-12-27,30.2,2013.0,,,,78.0,215.0
00-0030465,Kenjon Barner,RB,FA,1989-04-28,33.8,2013.0,6.0,14.0,182.0,69.0,195.0
00-0030288,Rex Burkhead,RB,FA,1990-07-02,33.7,2013.0,6.0,22.0,190.0,70.0,215.0
00-0030404,Chris Thompson,RB,FA,1990-10-20,32.3,2013.0,5.0,21.0,154.0,68.0,195.0
00-0030107,Theo Riddick,RB,FA,1991-05-04,30.8,2013.0,6.0,31.0,199.0,69.0,201.0
00-0030496,Le'Veon Bell,RB,FA,1992-02-18,32.1,2013.0,2.0,16.0,48.0,73.0,225.0
00-0030456,Giovani Bernard,RB,FA,1991-11-22,32.2,2013.0,2.0,5.0,37.0,69.0,205.0
00-0030414,Spencer Ware,RB,FA,1991-11-23,30.3,2013.0,6.0,26.0,194.0,70.0,229.0
00-0030525,Tavon Austin,WR,FA,1991-03-15,32.9,2013.0,1.0,8.0,8.0,68.0,185.0
00-0030279,Keenan Allen,WR,CHI,1992-04-27,31.9,2013.0,3.0,14.0,76.0,74.0,211.0
00-0030578,Cordarrelle Patterson,RB,PIT,1991-03-17,33.0,2013.0,1.0,29.0,29.0,74.0,220.0
00-0030085,Kenny Stills,WR,FA,1992-04-22,31.8,2013.0,5.0,11.0,144.0,73.0,202.0
00-0030431,Robert Woods,WR,HOU,1992-04-10,32.0,2013.0,2.0,9.0,41.0,72.0,195.0
00-0030564,DeAndre Hopkins,WR,TEN,1992-06-06,31.8,2013.0,1.0,27.0,27.0,73.0,218.0
00-0030147,Russell Shepard,WR,FA,1990-11-17,30.5,2013.0,,,,72.0,194.0
00-0030068,Marquise Goodwin,WR,CLE,1990-11-19,33.4,2013.0,3.0,16.0,78.0,69.0,185.0
00-0030506,Travis Kelce,TE,KCC,1989-10-05,34.5,2013.0,3.0,1.0,63.0,77.0,250.0
00-0030061,Zach Ertz,TE,WAS,1990-11-10,33.4,2013.0,2.0,3.0,35.0,77.0,250.0
00-0030472,Jordan Reed,TE,FA,1990-07-03,31.6,2013.0,3.0,23.0,85.0,74.0,242.0
00-0030549,Tyler Eifert,TE,FA,1990-09-08,32.5,2013.0,1.0,21.0,21.0,78.0,255.0
00-0030443,Levine Toilolo,TE,FA,1991-07-30,31.6,2013.0,4.0,36.0,133.0,80.0,268.0
00-0030470,Vance McDonald,TE,FA,1990-06-13,31.7,2013.0,2.0,23.0,55.0,76.0,267.0
00-0029892,Kyle Juszczyk,RB,SFO,1991-04-23,32.9,2013.0,4.0,33.0,130.0,74.0,235.0
00-0030089,Luke Willson,TE,FA,1990-01-15,32.1,2013.0,5.0,25.0,158.0,77.0,255.0
00-0030513,Latavius Murray,RB,BUF,1990-01-18,34.2,2013.0,6.0,13.0,181.0,75.0,230.0
00-0030108,Ryan Griffin,TE,FA,1990-01-11,34.1,2013.0,6.0,33.0,201.0,78.0,255.0
00-0029857,Ryan Griffin,QB,FA,1989-11-17,33.3,2013.0,,,,77.0,210.0
00-0030155,Demetrius Harris,TE,FA,1991-07-29,31.6,2013.0,,,,79.0,230.0
00-0029854,C.J. Anderson,RB,FA,1991-02-10,30.2,2013.0,,,,68.0,225.0
00-0030300,Jaron Brown,WR,FA,1990-01-08,32.1,2013.0,,,,75.0,204.0
00-0029931,Zach Line,RB,FA,1990-04-26,31.0,2013.0,,,,73.0,233.0
00-0030181,Jack Doyle,TE,FA,1990-05-05,32.8,2013.0,,,,78.0,262.0
00-0030216,Josh Hill,TE,FA,1990-05-21,31.8,2013.0,,,,77.0,250.0
00-0028411,Dontrelle Inman,WR,FA,1989-01-31,34.1,2013.0,,,,75.0,205.0
00-0029665,Robert Griffin III,QB,FA,1990-02-12,32.0,2012.0,1.0,2.0,2.0,74.0,213.0
00-0029701,Ryan Tannehill,QB,TEN,1988-07-27,35.7,2012.0,1.0,8.0,8.0,76.0,217.0
00-0029567,Nick Foles,QB,FA,1989-01-20,35.2,2012.0,3.0,25.0,88.0,78.0,243.0
00-0029604,Kirk Cousins,QB,ATL,1988-08-19,35.6,2012.0,4.0,7.0,102.0,75.0,205.0
00-0029263,Russell Wilson,QB,PIT,1988-11-29,35.3,2012.0,3.0,12.0,75.0,71.0,215.0
00-0029615,Lamar Miller,RB,FA,1991-04-25,31.8,2012.0,4.0,2.0,97.0,70.0,221.0
00-0029137,Alshon Jeffery,WR,FA,1990-02-14,33.0,2012.0,2.0,13.0,45.0,75.0,218.0
00-0029632,Mohamed Sanu,WR,FA,1989-08-22,34.5,2012.0,3.0,20.0,83.0,74.0,210.0
00-0029608,T.Y. Hilton,WR,FA,1989-11-14,34.4,2012.0,3.0,29.0,92.0,70.0,183.0
00-0029572,Jarius Wright,WR,FA,1989-11-25,31.4,2012.0,4.0,23.0,118.0,70.0,191.0
00-0029269,Travis Benjamin,WR,FA,1989-12-29,33.2,2012.0,4.0,5.0,100.0,70.0,175.0
00-0029293,Marvin Jones,WR,FA,1990-03-12,34.0,2012.0,5.0,31.0,166.0,74.0,199.0
00-0029587,Rhett Ellison,TE,FA,1988-10-03,32.6,2012.0,4.0,33.0,128.0,77.0,255.0
00-0029141,Alfred Morris,RB,FA,1988-12-12,34.2,2012.0,6.0,3.0,173.0,70.0,222.0
00-0029239,Brandon Bolden,RB,LVR,1990-01-26,34.2,2012.0,,,,71.0,220.0
00-0029623,Alex Tanney,QB,FA,1987-11-11,34.3,2012.0,,,,75.0,208.0
00-0029119,Derek Carrier,TE,FA,1990-07-25,32.6,2012.0,,,,75.0,240.0
00-0028986,Case Keenum,QB,HOU,1988-02-12,36.1,2012.0,,,,73.0,206.0
00-0029664,Josh Gordon,WR,FA,1991-04-13,33.0,2012.0,,,,75.0,225.0
00-0029000,Cole Beasley,WR,FA,1989-04-26,34.9,2012.0,,,,68.0,174.0
00-0029492,Jamize Olawale,RB,FA,1989-04-17,32.9,2012.0,,,,73.0,242.0
00-0029319,Josh Bellamy,WR,FA,1989-05-18,32.0,2012.0,,,,72.0,208.0
00-0029738,Darren Fells,TE,FA,1986-04-22,36.8,2012.0,,,,79.0,270.0
00-0027942,A.J. Green,WR,FA,1988-07-31,35.5,2011.0,1.0,4.0,4.0,76.0,210.0
00-0027948,Blaine Gabbert,QB,KCC,1989-10-15,34.5,2011.0,1.0,10.0,10.0,76.0,233.0
00-0027944,Julio Jones,WR,PHI,1989-02-03,35.1,2011.0,1.0,6.0,6.0,75.0,220.0
00-0027939,Cam Newton,QB,FA,1989-05-11,34.9,2011.0,1.0,1.0,1.0,77.0,245.0
00-0027966,Mark Ingram,RB,FA,1989-12-21,34.3,2011.0,1.0,28.0,28.0,69.0,215.0
00-0028002,Randall Cobb,WR,NYJ,1990-08-22,33.6,2011.0,2.0,32.0,64.0,70.0,192.0
00-0027981,Kyle Rudolph,TE,FA,1989-11-09,34.3,2011.0,2.0,11.0,43.0,78.0,265.0
00-0027973,Andy Dalton,QB,CAR,1987-10-29,36.4,2011.0,2.0,3.0,35.0,74.0,220.0
00-0027985,Lance Kendricks,TE,FA,1988-01-30,33.3,2011.0,2.0,15.0,47.0,75.0,250.0
00-0028042,Luke Stocker,TE,FA,1988-07-17,34.6,2011.0,4.0,7.0,104.0,77.0,253.0
00-0028063,Taiwan Jones,RB,FA,1988-07-26,35.5,2011.0,4.0,28.0,125.0,72.0,195.0
00-0028064,Bilal Powell,RB,FA,1988-10-27,33.3,2011.0,4.0,29.0,126.0,70.0,204.0
00-0028074,Anthony Sherman,RB,FA,1988-12-11,33.2,2011.0,5.0,5.0,136.0,70.0,242.0
00-0028087,Dion Lewis,RB,FA,1990-09-27,32.4,2011.0,5.0,18.0,149.0,68.0,195.0
00-0028097,Lee Smith,TE,FA,1987-11-21,35.3,2011.0,5.0,28.0,159.0,78.0,265.0
00-0028112,Charles Clay,TE,FA,1989-02-13,32.2,2011.0,6.0,9.0,174.0,75.0,246.0
00-0028114,Dwayne Harris,WR,FA,1987-09-16,34.4,2011.0,6.0,11.0,176.0,70.0,215.0
00-0028118,Tyrod Taylor,QB,NYJ,1989-08-03,34.7,2011.0,6.0,15.0,180.0,73.0,217.0
00-0028142,Virgil Green,TE,FA,1988-08-03,33.6,2011.0,7.0,1.0,204.0,77.0,255.0
00-0028149,Bruce Miller,TE,FA,1987-08-06,33.8,2011.0,7.0,8.0,211.0,74.0,248.0
00-0028292,Nick Bellore,RB,FA,1989-05-12,34.9,2011.0,,,,73.0,250.0
00-0028237,Chris Hogan,WR,FA,1988-10-24,34.3,2011.0,,,,73.0,210.0
00-0028581,Patrick DiMarco,RB,FA,1989-04-30,32.0,2011.0,,,,73.0,234.0
00-0027925,James Develin,RB,FA,1988-07-23,32.8,2010.0,,,,75.0,255.0
00-0027902,Dez Bryant,WR,FA,1988-11-04,34.3,2010.0,1.0,24.0,24.0,74.0,220.0
00-0027891,Golden Tate,WR,FA,1988-08-02,34.6,2010.0,2.0,28.0,60.0,71.0,191.0
00-0027874,Demaryius Thomas,WR,FA,1987-12-25,34.2,2010.0,1.0,24.0,22.0,75.0,225.0
00-0027688,Colt McCoy,QB,FA,1986-09-05,37.6,2010.0,3.0,21.0,85.0,73.0,212.0
00-0027656,Rob Gronkowski,TE,FA,1989-05-14,34.9,2010.0,2.0,10.0,42.0,78.0,268.0
00-0027685,Emmanuel Sanders,WR,FA,1987-03-17,36.9,2010.0,3.0,18.0,82.0,71.0,180.0
00-0027691,Andre Roberts,WR,FA,1988-01-09,36.1,2010.0,3.0,24.0,88.0,71.0,195.0
00-0027696,Jimmy Graham,TE,NOS,1986-11-24,37.3,2010.0,3.0,31.0,95.0,79.0,265.0
00-0027793,Antonio Brown,WR,FA,1988-07-10,35.6,2010.0,6.0,26.0,195.0,70.0,185.0
00-0026986,Michael Crabtree,WR,FA,1987-09-14,34.5,2009.0,1.0,10.0,10.0,73.0,215.0
00-0026498,Matthew Stafford,QB,LAR,1988-02-07,36.1,2009.0,1.0,1.0,1.0,75.0,220.0
00-0027029,LeSean McCoy,RB,FA,1988-07-12,34.6,2009.0,2.0,21.0,53.0,71.0,210.0
00-0027061,Jared Cook,TE,FA,1987-04-07,37.0,2009.0,3.0,25.0,89.0,77.0,254.0
00-0027150,Julian Edelman,WR,FA,1986-05-22,36.8,2009.0,7.0,23.0,232.0,70.0,198.0
00-0026544,Chase Daniel,QB,FA,1986-10-07,37.3,2009.0,,,,72.0,225.0
00-0026625,Brian Hoyer,QB,FA,1985-10-31,38.4,2009.0,,,,74.0,215.0
00-0026158,Joe Flacco,QB,IND,1985-01-16,39.2,2008.0,1.0,18.0,18.0,78.0,230.0
00-0026197,Chad Henne,QB,FA,1985-07-02,38.6,2008.0,2.0,26.0,57.0,75.0,222.0
00-0026189,DeSean Jackson,WR,FA,1986-12-01,37.2,2008.0,2.0,18.0,49.0,70.0,175.0
00-0026143,Matt Ryan,QB,FA,1985-05-17,38.9,2008.0,1.0,3.0,3.0,76.0,217.0
00-0026293,Matt Slater,WR,FA,1985-09-09,38.6,2008.0,5.0,18.0,153.0,72.0,205.0
00-0026300,Josh Johnson,QB,BAL,1986-05-15,37.9,2008.0,5.0,25.0,160.0,75.0,214.0
00-0026035,Danny Amendola,WR,FA,1985-11-02,37.3,2008.0,,,,71.0,185.0
00-0025394,Adrian Peterson,RB,FA,1985-03-21,39.0,2007.0,1.0,7.0,7.0,73.0,220.0
00-0025399,Marshawn Lynch,RB,FA,1986-04-22,36.8,2007.0,1.0,12.0,12.0,71.0,215.0
00-0025396,Ted Ginn Jr.,WR,FA,1985-04-12,36.9,2007.0,1.0,9.0,9.0,71.0,180.0
00-0025418,Greg Olsen,TE,FA,1985-03-11,37.0,2007.0,1.0,31.0,31.0,77.0,255.0
00-0025708,Matt Moore,QB,FA,1984-08-09,37.5,2007.0,,,,75.0,219.0
00-0024221,Vernon Davis,TE,FA,1984-01-31,37.3,2006.0,1.0,6.0,6.0,75.0,248.0
00-0024243,Marcedes Lewis,TE,CHI,1984-05-19,39.9,2006.0,1.0,28.0,28.0,78.0,265.0
00-0024389,Delanie Walker,TE,FA,1984-08-12,38.5,2006.0,6.0,6.0,175.0,74.0,248.0
00-0023436,Alex Smith,QB,FA,1984-05-07,37.8,2005.0,1.0,1.0,1.0,76.0,213.0
00-0023459,Aaron Rodgers,QB,NYJ,1983-12-02,40.3,2005.0,1.0,24.0,24.0,74.0,223.0
00-0023500,Frank Gore,RB,FA,1983-05-14,39.8,2005.0,3.0,1.0,65.0,69.0,212.0
00-0023564,Darren Sproles,RB,FA,1983-06-20,37.9,2005.0,4.0,29.0,130.0,66.0,190.0
00-0023682,Ryan Fitzpatrick,QB,FA,1982-11-24,40.3,2005.0,7.0,36.0,250.0,74.0,228.0
00-0022803,Eli Manning,QB,FA,1981-01-03,40.3,2004.0,1.0,1.0,1.0,77.0,218.0
00-0022921,Larry Fitzgerald,WR,FA,1983-08-31,39.5,2004.0,1.0,3.0,3.0,75.0,218.0
00-0022942,Philip Rivers,QB,FA,1981-12-08,41.2,2004.0,1.0,4.0,4.0,77.0,228.0
00-0022924,Ben Roethlisberger,QB,FA,1982-03-02,42.1,2004.0,1.0,11.0,11.0,77.0,240.0
00-0022943,Ben Watson,TE,FA,1980-12-18,40.4,2004.0,1.0,32.0,32.0,75.0,255.0
00-0022787,Matt Schaub,QB,FA,1981-06-25,40.7,2004.0,3.0,27.0,90.0,78.0,245.0
00-0022127,Jason Witten,TE,FA,1982-05-06,39.8,2003.0,3.0,5.0,69.0,78.0,263.0
00-0021206,Josh McCown,QB,FA,1979-07-04,42.6,2002.0,3.0,16.0,81.0,76.0,218.0
00-0020531,Drew Brees,QB,FA,1979-01-15,45.2,2001.0,2.0,1.0,32.0,72.0,209.0
00-0019596,Tom Brady,QB,FA,1977-08-03,46.7,2000.0,6.0,33.0,199.0,76.0,225.0
